"ensembl_gene_id","external_gene_name","go_id","name_1006"
"ENSDARG00000074552","NDUFS7","GO:0045271","respiratory chain complex I"
"ENSDARG00000074552","NDUFS7","GO:0046872","metal ion binding"
"ENSDARG00000074552","NDUFS7","GO:0008137","NADH dehydrogenase (ubiquinone) activity"
"ENSDARG00000074552","NDUFS7","GO:0009060","aerobic respiration"
"ENSDARG00000074552","NDUFS7","GO:0051539","4 iron, 4 sulfur cluster binding"
"ENSDARG00000074552","NDUFS7","GO:0032981","mitochondrial respiratory chain complex I assembly"
"ENSDARG00000074552","NDUFS7","GO:0048038","quinone binding"
"ENSDARG00000074552","NDUFS7","GO:0015990","electron transport coupled proton transport"
"ENSDARG00000074552","NDUFS7","GO:0005739","mitochondrion"
"ENSDARG00000074552","NDUFS7","GO:0051536","iron-sulfur cluster binding"
"ENSDARG00000035427","surf6","GO:0005634","nucleus"
"ENSDARG00000035427","surf6","GO:0005737","cytoplasm"
"ENSDARG00000035427","surf6","GO:0005739","mitochondrion"
"ENSDARG00000035427","surf6","GO:0007507","heart development"
"ENSDARG00000035427","surf6","GO:0016212","kynurenine-oxoglutarate transaminase activity"
"ENSDARG00000023645","KYAT1","GO:0005634","nucleus"
"ENSDARG00000023645","KYAT1","GO:0005737","cytoplasm"
"ENSDARG00000023645","KYAT1","GO:0005739","mitochondrion"
"ENSDARG00000023645","KYAT1","GO:0007507","heart development"
"ENSDARG00000023645","KYAT1","GO:0016212","kynurenine-oxoglutarate transaminase activity"
"ENSDARG00000099900","TWNK","GO:0005524","ATP binding"
"ENSDARG00000099900","TWNK","GO:0005739","mitochondrion"
"ENSDARG00000099900","TWNK","GO:0003697","single-stranded DNA binding"
"ENSDARG00000099900","TWNK","GO:0006260","DNA replication"
"ENSDARG00000099900","TWNK","GO:0003678","DNA helicase activity"
"ENSDARG00000099900","TWNK","GO:0006264","mitochondrial DNA replication"
"ENSDARG00000099900","TWNK","GO:0043139","5'-3' DNA helicase activity"
"ENSDARG00000075517","si:ch211-120k19.1","GO:0016020","membrane"
"ENSDARG00000075517","si:ch211-120k19.1","GO:0005737","cytoplasm"
"ENSDARG00000075517","si:ch211-120k19.1","GO:0005739","mitochondrion"
"ENSDARG00000075517","si:ch211-120k19.1","GO:0061668","mitochondrial ribosome assembly"
"ENSDARG00000044809","FPGS","GO:0005737","cytoplasm"
"ENSDARG00000044809","FPGS","GO:0046872","metal ion binding"
"ENSDARG00000044809","FPGS","GO:0005829","cytosol"
"ENSDARG00000044809","FPGS","GO:0005524","ATP binding"
"ENSDARG00000044809","FPGS","GO:0005739","mitochondrion"
"ENSDARG00000044809","FPGS","GO:0005743","mitochondrial inner membrane"
"ENSDARG00000044809","FPGS","GO:0016874","ligase activity"
"ENSDARG00000044809","FPGS","GO:0005759","mitochondrial matrix"
"ENSDARG00000044809","FPGS","GO:0006730","one-carbon metabolic process"
"ENSDARG00000044809","FPGS","GO:0004326","tetrahydrofolylpolyglutamate synthase activity"
"ENSDARG00000044809","FPGS","GO:0009396","folic acid-containing compound biosynthetic process"
"ENSDARG00000044809","FPGS","GO:0046901","tetrahydrofolylpolyglutamate biosynthetic process"
"ENSDARG00000044809","FPGS","GO:0009058","biosynthetic process"
"ENSDARG00000044809","FPGS","GO:0016881","acid-amino acid ligase activity"
"ENSDARG00000062971","SDHAF2","GO:0018293","protein-FAD linkage"
"ENSDARG00000062971","SDHAF2","GO:0005739","mitochondrion"
"ENSDARG00000017661","BRAF","GO:0004694","eukaryotic translation initiation factor 2alpha kinase activity"
"ENSDARG00000017661","BRAF","GO:0035403","histone H3T6 kinase activity"
"ENSDARG00000017661","BRAF","GO:0005737","cytoplasm"
"ENSDARG00000017661","BRAF","GO:0046872","metal ion binding"
"ENSDARG00000017661","BRAF","GO:0007165","signal transduction"
"ENSDARG00000017661","BRAF","GO:0005829","cytosol"
"ENSDARG00000017661","BRAF","GO:0004672","protein kinase activity"
"ENSDARG00000017661","BRAF","GO:0005524","ATP binding"
"ENSDARG00000017661","BRAF","GO:0005886","plasma membrane"
"ENSDARG00000017661","BRAF","GO:0004674","protein serine/threonine kinase activity"
"ENSDARG00000017661","BRAF","GO:0005739","mitochondrion"
"ENSDARG00000017661","BRAF","GO:0004709","MAP kinase kinase kinase activity"
"ENSDARG00000017661","BRAF","GO:0000165","MAPK cascade"
"ENSDARG00000017661","BRAF","GO:0006468","protein phosphorylation"
"ENSDARG00000017661","BRAF","GO:0004679","AMP-activated protein kinase activity"
"ENSDARG00000017661","BRAF","GO:0006338","chromatin remodeling"
"ENSDARG00000017661","BRAF","GO:0004676","3-phosphoinositide-dependent protein kinase activity"
"ENSDARG00000017661","BRAF","GO:0004677","DNA-dependent protein kinase activity"
"ENSDARG00000017661","BRAF","GO:0004711","ribosomal protein S6 kinase activity"
"ENSDARG00000017661","BRAF","GO:0035175","histone H3S10 kinase activity"
"ENSDARG00000017661","BRAF","GO:0035402","histone H3T11 kinase activity"
"ENSDARG00000017661","BRAF","GO:0035979","histone H2AXS139 kinase activity"
"ENSDARG00000017661","BRAF","GO:0044022","histone H3S28 kinase activity"
"ENSDARG00000017661","BRAF","GO:0044023","histone H4S1 kinase activity"
"ENSDARG00000017661","BRAF","GO:0044024","histone H2AS1 kinase activity"
"ENSDARG00000017661","BRAF","GO:0044025","histone H2BS14 kinase activity"
"ENSDARG00000017661","BRAF","GO:0072354","histone H3T3 kinase activity"
"ENSDARG00000017661","BRAF","GO:0072371","histone H2AS121 kinase activity"
"ENSDARG00000017661","BRAF","GO:0072518","Rho-dependent protein serine/threonine kinase activity"
"ENSDARG00000017661","BRAF","GO:0140823","histone H2BS36 kinase activity"
"ENSDARG00000017661","BRAF","GO:0140855","histone H3S57 kinase activity"
"ENSDARG00000017661","BRAF","GO:0140857","histone H3T45 kinase activity"
"ENSDARG00000017661","BRAF","GO:1990244","histone H2AT120 kinase activity"
"ENSDARG00000037860","cox6b2","GO:0045277","respiratory chain complex IV"
"ENSDARG00000037860","cox6b2","GO:0005739","mitochondrion"
"ENSDARG00000007449","slc25a39","GO:0016020","membrane"
"ENSDARG00000007449","slc25a39","GO:0046872","metal ion binding"
"ENSDARG00000007449","slc25a39","GO:0005739","mitochondrion"
"ENSDARG00000007449","slc25a39","GO:0005743","mitochondrial inner membrane"
"ENSDARG00000007449","slc25a39","GO:0006783","heme biosynthetic process"
"ENSDARG00000007449","slc25a39","GO:0051537","2 iron, 2 sulfur cluster binding"
"ENSDARG00000007449","slc25a39","GO:1990542","mitochondrial transmembrane transport"
"ENSDARG00000007449","slc25a39","GO:0055085","transmembrane transport"
"ENSDARG00000041306","MRPS25","GO:0005739","mitochondrion"
"ENSDARG00000041306","MRPS25","GO:0003735","structural constituent of ribosome"
"ENSDARG00000013623","VDAC2","GO:0006811","monoatomic ion transport"
"ENSDARG00000013623","VDAC2","GO:0005739","mitochondrion"
"ENSDARG00000013623","VDAC2","GO:0042802","identical protein binding"
"ENSDARG00000013623","VDAC2","GO:0008016","regulation of heart contraction"
"ENSDARG00000013623","VDAC2","GO:0005886","plasma membrane"
"ENSDARG00000013623","VDAC2","GO:0031101","fin regeneration"
"ENSDARG00000013623","VDAC2","GO:0005741","mitochondrial outer membrane"
"ENSDARG00000013623","VDAC2","GO:0015267","channel activity"
"ENSDARG00000013623","VDAC2","GO:0008308","voltage-gated monoatomic anion channel activity"
"ENSDARG00000013623","VDAC2","GO:0098656","monoatomic anion transmembrane transport"
"ENSDARG00000013623","VDAC2","GO:0036444","calcium import into the mitochondrion"
"ENSDARG00000013623","VDAC2","GO:0055085","transmembrane transport"
"ENSDARG00000013623","VDAC2","GO:0015288","porin activity"
"ENSDARG00000013623","VDAC2","GO:0046930","pore complex"
"ENSDARG00000060522","RFK","GO:0005524","ATP binding"
"ENSDARG00000060522","RFK","GO:0016301","kinase activity"
"ENSDARG00000060522","RFK","GO:0005739","mitochondrion"
"ENSDARG00000060522","RFK","GO:0008531","riboflavin kinase activity"
"ENSDARG00000060522","RFK","GO:0006771","riboflavin metabolic process"
"ENSDARG00000060522","RFK","GO:0009231","riboflavin biosynthetic process"
"ENSDARG00000060522","RFK","GO:0009398","FMN biosynthetic process"
"ENSDARG00000029088","GUF1","GO:0016787","hydrolase activity"
"ENSDARG00000029088","GUF1","GO:0003924","GTPase activity"
"ENSDARG00000029088","GUF1","GO:0005525","GTP binding"
"ENSDARG00000029088","GUF1","GO:0005739","mitochondrion"
"ENSDARG00000029088","GUF1","GO:0005743","mitochondrial inner membrane"
"ENSDARG00000029088","GUF1","GO:0006412","translation"
"ENSDARG00000029088","GUF1","GO:0005759","mitochondrial matrix"
"ENSDARG00000029088","GUF1","GO:0045727","positive regulation of translation"
"ENSDARG00000029088","GUF1","GO:0043022","ribosome binding"
"ENSDARG00000029088","GUF1","GO:0097177","mitochondrial ribosome binding"
"ENSDARG00000038900","ACADM","GO:0070991","medium-chain fatty acyl-CoA dehydrogenase activity"
"ENSDARG00000038900","ACADM","GO:0003995","acyl-CoA dehydrogenase activity"
"ENSDARG00000038900","ACADM","GO:0006635","fatty acid beta-oxidation"
"ENSDARG00000038900","ACADM","GO:0016627","oxidoreductase activity, acting on the CH-CH group of donors"
"ENSDARG00000038900","ACADM","GO:0005739","mitochondrion"
"ENSDARG00000038900","ACADM","GO:0050660","flavin adenine dinucleotide binding"
"ENSDARG00000019332","NDUFB4","GO:0005739","mitochondrion"
"ENSDARG00000079391","mrpl42","GO:0005739","mitochondrion"
"ENSDARG00000079391","mrpl42","GO:0005840","ribosome"
"ENSDARG00000079391","mrpl42","GO:1990904","ribonucleoprotein complex"
"ENSDARG00000079391","mrpl42","GO:0005762","mitochondrial large ribosomal subunit"
"ENSDARG00000045913","MRPS10","GO:0005739","mitochondrion"
"ENSDARG00000045913","MRPS10","GO:0003735","structural constituent of ribosome"
"ENSDARG00000045913","MRPS10","GO:0006412","translation"
"ENSDARG00000045913","MRPS10","GO:0005840","ribosome"
"ENSDARG00000045913","MRPS10","GO:1990904","ribonucleoprotein complex"
"ENSDARG00000045913","MRPS10","GO:0005763","mitochondrial small ribosomal subunit"
"ENSDARG00000071691","UQCRC2","GO:0004222","metalloendopeptidase activity"
"ENSDARG00000071691","UQCRC2","GO:0006508","proteolysis"
"ENSDARG00000071691","UQCRC2","GO:0046872","metal ion binding"
"ENSDARG00000071691","UQCRC2","GO:0005739","mitochondrion"
"ENSDARG00000060991","MIEF1","GO:0005739","mitochondrion"
"ENSDARG00000060991","MIEF1","GO:0007005","mitochondrion organization"
"ENSDARG00000060991","MIEF1","GO:0005741","mitochondrial outer membrane"
"ENSDARG00000100116","MRPS24","GO:0005739","mitochondrion"
"ENSDARG00000034933","chchd3b","GO:0061617","MICOS complex"
"ENSDARG00000034933","chchd3b","GO:0005739","mitochondrion"
"ENSDARG00000051986","NDUFS8","GO:0045271","respiratory chain complex I"
"ENSDARG00000051986","NDUFS8","GO:0016020","membrane"
"ENSDARG00000051986","NDUFS8","GO:0016651","oxidoreductase activity, acting on NAD(P)H"
"ENSDARG00000051986","NDUFS8","GO:0051539","4 iron, 4 sulfur cluster binding"
"ENSDARG00000051986","NDUFS8","GO:0032981","mitochondrial respiratory chain complex I assembly"
"ENSDARG00000051986","NDUFS8","GO:0003954","NADH dehydrogenase activity"
"ENSDARG00000051986","NDUFS8","GO:0006120","mitochondrial electron transport, NADH to ubiquinone"
"ENSDARG00000051986","NDUFS8","GO:0005739","mitochondrion"
"ENSDARG00000001788","ATP5PO","GO:0016020","membrane"
"ENSDARG00000001788","ATP5PO","GO:0015986","proton motive force-driven ATP synthesis"
"ENSDARG00000001788","ATP5PO","GO:0005739","mitochondrion"
"ENSDARG00000001788","ATP5PO","GO:0046933","proton-transporting ATP synthase activity, rotational mechanism"
"ENSDARG00000001788","ATP5PO","GO:0006754","ATP biosynthetic process"
"ENSDARG00000001788","ATP5PO","GO:0042776","proton motive force-driven mitochondrial ATP synthesis"
"ENSDARG00000001788","ATP5PO","GO:1902600","proton transmembrane transport"
"ENSDARG00000027355","SLC25A4","GO:0016020","membrane"
"ENSDARG00000027355","SLC25A4","GO:0005739","mitochondrion"
"ENSDARG00000027355","SLC25A4","GO:0005743","mitochondrial inner membrane"
"ENSDARG00000027355","SLC25A4","GO:0015297","antiporter activity"
"ENSDARG00000027355","SLC25A4","GO:1990544","mitochondrial ATP transmembrane transport"
"ENSDARG00000027355","SLC25A4","GO:0140021","mitochondrial ADP transmembrane transport"
"ENSDARG00000027355","SLC25A4","GO:0005471","ATP:ADP antiporter activity"
"ENSDARG00000027355","SLC25A4","GO:0055085","transmembrane transport"
"ENSDARG00000027355","SLC25A4","GO:1901029","negative regulation of mitochondrial outer membrane permeabilization involved in apoptotic signaling pathway"
"ENSDARG00000039649","mtif3","GO:0005739","mitochondrion"
"ENSDARG00000039649","mtif3","GO:0006412","translation"
"ENSDARG00000039649","mtif3","GO:0003743","translation initiation factor activity"
"ENSDARG00000039649","mtif3","GO:0043022","ribosome binding"
"ENSDARG00000039649","mtif3","GO:0006413","translational initiation"
"ENSDARG00000039649","mtif3","GO:0032790","ribosome disassembly"
"ENSDARG00000039649","mtif3","GO:0070124","mitochondrial translational initiation"
"ENSDARG00000032426","COQ8A","GO:0016020","membrane"
"ENSDARG00000032426","COQ8A","GO:0016301","kinase activity"
"ENSDARG00000032426","COQ8A","GO:0005739","mitochondrion"
"ENSDARG00000032426","COQ8A","GO:0006744","ubiquinone biosynthetic process"
"ENSDARG00000063310","OXR1","GO:0042981","regulation of apoptotic process"
"ENSDARG00000063310","OXR1","GO:0005634","nucleus"
"ENSDARG00000063310","OXR1","GO:0005739","mitochondrion"
"ENSDARG00000063310","OXR1","GO:0061550","cranial ganglion development"
"ENSDARG00000063310","OXR1","GO:0006979","response to oxidative stress"
"ENSDARG00000063310","OXR1","GO:1902882","regulation of response to oxidative stress"
"ENSDARG00000067975","atp5if1a","GO:0032780","negative regulation of ATP-dependent activity"
"ENSDARG00000067975","atp5if1a","GO:0042030","ATPase inhibitor activity"
"ENSDARG00000067975","atp5if1a","GO:0005739","mitochondrion"
"ENSDARG00000021555","PRKN","GO:0016567","protein ubiquitination"
"ENSDARG00000021555","PRKN","GO:0005829","cytosol"
"ENSDARG00000021555","PRKN","GO:0005739","mitochondrion"
"ENSDARG00000021555","PRKN","GO:0004842","ubiquitin-protein transferase activity"
"ENSDARG00000021555","PRKN","GO:0008270","zinc ion binding"
"ENSDARG00000021555","PRKN","GO:0005515","protein binding"
"ENSDARG00000020876","PDK2","GO:0004672","protein kinase activity"
"ENSDARG00000020876","PDK2","GO:0005524","ATP binding"
"ENSDARG00000020876","PDK2","GO:0016301","kinase activity"
"ENSDARG00000020876","PDK2","GO:0005739","mitochondrion"
"ENSDARG00000020876","PDK2","GO:0005759","mitochondrial matrix"
"ENSDARG00000020876","PDK2","GO:0004740","pyruvate dehydrogenase (acetyl-transferring) kinase activity"
"ENSDARG00000020876","PDK2","GO:0010906","regulation of glucose metabolic process"
"ENSDARG00000020876","PDK2","GO:0010510","regulation of acetyl-CoA biosynthetic process from pyruvate"
"ENSDARG00000052462","PISD","GO:0004609","phosphatidylserine decarboxylase activity"
"ENSDARG00000052462","PISD","GO:0005739","mitochondrion"
"ENSDARG00000052462","PISD","GO:0008654","phospholipid biosynthetic process"
"ENSDARG00000070083","ATP5F1B","GO:0016020","membrane"
"ENSDARG00000070083","ATP5F1B","GO:0005524","ATP binding"
"ENSDARG00000070083","ATP5F1B","GO:0015986","proton motive force-driven ATP synthesis"
"ENSDARG00000070083","ATP5F1B","GO:0016887","ATP hydrolysis activity"
"ENSDARG00000070083","ATP5F1B","GO:1902600","proton transmembrane transport"
"ENSDARG00000070083","ATP5F1B","GO:0005739","mitochondrion"
"ENSDARG00000070083","ATP5F1B","GO:0046933","proton-transporting ATP synthase activity, rotational mechanism"
"ENSDARG00000070083","ATP5F1B","GO:0006754","ATP biosynthetic process"
"ENSDARG00000070083","ATP5F1B","GO:0042776","proton motive force-driven mitochondrial ATP synthesis"
"ENSDARG00000070083","ATP5F1B","GO:0046961","proton-transporting ATPase activity, rotational mechanism"
"ENSDARG00000070083","ATP5F1B","GO:0046034","ATP metabolic process"
"ENSDARG00000070083","ATP5F1B","GO:0045261","proton-transporting ATP synthase complex, catalytic core F(1)"
"ENSDARG00000070083","ATP5F1B","GO:0045259","proton-transporting ATP synthase complex"
"ENSDARG00000099358","HCCS","GO:0005739","mitochondrion"
"ENSDARG00000099358","HCCS","GO:0004408","holocytochrome-c synthase activity"
"ENSDARG00000103428","OGDH","GO:0005634","nucleus"
"ENSDARG00000103428","OGDH","GO:0005739","mitochondrion"
"ENSDARG00000103428","OGDH","GO:0016491","oxidoreductase activity"
"ENSDARG00000103428","OGDH","GO:0060047","heart contraction"
"ENSDARG00000103428","OGDH","GO:0006096","glycolytic process"
"ENSDARG00000103428","OGDH","GO:0004591","oxoglutarate dehydrogenase (succinyl-transferring) activity"
"ENSDARG00000103428","OGDH","GO:0016624","oxidoreductase activity, acting on the aldehyde or oxo group of donors, disulfide as acceptor"
"ENSDARG00000103428","OGDH","GO:0030976","thiamine pyrophosphate binding"
"ENSDARG00000103428","OGDH","GO:0006099","tricarboxylic acid cycle"
"ENSDARG00000103428","OGDH","GO:0045252","oxoglutarate dehydrogenase complex"
"ENSDARG00000074094","TGM2","GO:0005634","nucleus"
"ENSDARG00000074094","TGM2","GO:0005737","cytoplasm"
"ENSDARG00000074094","TGM2","GO:0005886","plasma membrane"
"ENSDARG00000074094","TGM2","GO:0046872","metal ion binding"
"ENSDARG00000074094","TGM2","GO:0005739","mitochondrion"
"ENSDARG00000074094","TGM2","GO:0005576","extracellular region"
"ENSDARG00000074094","TGM2","GO:0008233","peptidase activity"
"ENSDARG00000074094","TGM2","GO:0006508","proteolysis"
"ENSDARG00000074094","TGM2","GO:0005694","chromosome"
"ENSDARG00000074094","TGM2","GO:0005525","GTP binding"
"ENSDARG00000074094","TGM2","GO:0016746","acyltransferase activity"
"ENSDARG00000074094","TGM2","GO:0043065","positive regulation of apoptotic process"
"ENSDARG00000074094","TGM2","GO:0007200","phospholipase C-activating G protein-coupled receptor signaling pathway"
"ENSDARG00000074094","TGM2","GO:0005829","cytosol"
"ENSDARG00000074094","TGM2","GO:0007399","nervous system development"
"ENSDARG00000074094","TGM2","GO:0003810","protein-glutamine gamma-glutamyltransferase activity"
"ENSDARG00000074094","TGM2","GO:0018149","peptide cross-linking"
"ENSDARG00000009939","MICU2","GO:0046872","metal ion binding"
"ENSDARG00000009939","MICU2","GO:0005509","calcium ion binding"
"ENSDARG00000009939","MICU2","GO:0005739","mitochondrion"
"ENSDARG00000009939","MICU2","GO:0005743","mitochondrial inner membrane"
"ENSDARG00000009939","MICU2","GO:0005758","mitochondrial intermembrane space"
"ENSDARG00000009939","MICU2","GO:0036444","calcium import into the mitochondrion"
"ENSDARG00000009939","MICU2","GO:0051560","mitochondrial calcium ion homeostasis"
"ENSDARG00000009939","MICU2","GO:1990246","uniplex complex"
"ENSDARG00000009939","MICU2","GO:0006851","mitochondrial calcium ion transmembrane transport"
"ENSDARG00000019236","GSR","GO:0005737","cytoplasm"
"ENSDARG00000019236","GSR","GO:0005829","cytosol"
"ENSDARG00000019236","GSR","GO:0000166","nucleotide binding"
"ENSDARG00000019236","GSR","GO:0016491","oxidoreductase activity"
"ENSDARG00000019236","GSR","GO:0005739","mitochondrion"
"ENSDARG00000019236","GSR","GO:0098869","cellular oxidant detoxification"
"ENSDARG00000019236","GSR","GO:0050660","flavin adenine dinucleotide binding"
"ENSDARG00000019236","GSR","GO:0045454","cell redox homeostasis"
"ENSDARG00000019236","GSR","GO:0050661","NADP binding"
"ENSDARG00000019236","GSR","GO:0004362","glutathione-disulfide reductase (NADPH) activity"
"ENSDARG00000019236","GSR","GO:0034599","cellular response to oxidative stress"
"ENSDARG00000019236","GSR","GO:0006749","glutathione metabolic process"
"ENSDARG00000019236","GSR","GO:0016668","oxidoreductase activity, acting on a sulfur group of donors, NAD(P) as acceptor"
"ENSDARG00000003206","chchd6a","GO:0061617","MICOS complex"
"ENSDARG00000003206","chchd6a","GO:0005739","mitochondrion"
"ENSDARG00000006137","STAR","GO:0015485","cholesterol binding"
"ENSDARG00000006137","STAR","GO:0120020","cholesterol transfer activity"
"ENSDARG00000006137","STAR","GO:0006694","steroid biosynthetic process"
"ENSDARG00000006137","STAR","GO:0005739","mitochondrion"
"ENSDARG00000006137","STAR","GO:0008289","lipid binding"
"ENSDARG00000058226","AK3","GO:0016776","phosphotransferase activity, phosphate group as acceptor"
"ENSDARG00000058226","AK3","GO:0004017","adenylate kinase activity"
"ENSDARG00000058226","AK3","GO:0006139","nucleobase-containing compound metabolic process"
"ENSDARG00000058226","AK3","GO:0019205","nucleobase-containing compound kinase activity"
"ENSDARG00000058226","AK3","GO:0005739","mitochondrion"
"ENSDARG00000058226","AK3","GO:0005524","ATP binding"
"ENSDARG00000025914","si:dkey-190g11.3","GO:0016020","membrane"
"ENSDARG00000025914","si:dkey-190g11.3","GO:0005739","mitochondrion"
"ENSDARG00000025914","si:dkey-190g11.3","GO:0008168","methyltransferase activity"
"ENSDARG00000025914","si:dkey-190g11.3","GO:0032259","methylation"
"ENSDARG00000025914","si:dkey-190g11.3","GO:0016279","protein-lysine N-methyltransferase activity"
"ENSDARG00000025914","si:dkey-190g11.3","GO:1905706","regulation of mitochondrial ATP synthesis coupled proton transport"
"ENSDARG00000057287","SLC25A16","GO:1990559","mitochondrial coenzyme A transmembrane transport"
"ENSDARG00000057287","SLC25A16","GO:0016020","membrane"
"ENSDARG00000057287","SLC25A16","GO:0055085","transmembrane transport"
"ENSDARG00000057287","SLC25A16","GO:0005739","mitochondrion"
"ENSDARG00000057287","SLC25A16","GO:0005743","mitochondrial inner membrane"
"ENSDARG00000057287","SLC25A16","GO:0015228","coenzyme A transmembrane transporter activity"
"ENSDARG00000033973","MRPS23","GO:0005739","mitochondrion"
"ENSDARG00000033973","MRPS23","GO:0005840","ribosome"
"ENSDARG00000033973","MRPS23","GO:0006412","translation"
"ENSDARG00000033973","MRPS23","GO:0003735","structural constituent of ribosome"
"ENSDARG00000096749","NDUFAF8","GO:0032981","mitochondrial respiratory chain complex I assembly"
"ENSDARG00000096749","NDUFAF8","GO:0005739","mitochondrion"
"ENSDARG00000044942","MRPL45","GO:0005739","mitochondrion"
"ENSDARG00000044942","MRPL45","GO:0005840","ribosome"
"ENSDARG00000044942","MRPL45","GO:1990904","ribonucleoprotein complex"
"ENSDARG00000055339","mipepb","GO:0004222","metalloendopeptidase activity"
"ENSDARG00000055339","mipepb","GO:0006508","proteolysis"
"ENSDARG00000055339","mipepb","GO:0046872","metal ion binding"
"ENSDARG00000055339","mipepb","GO:0005739","mitochondrion"
"ENSDARG00000055339","mipepb","GO:0008237","metallopeptidase activity"
"ENSDARG00000055339","mipepb","GO:0006518","peptide metabolic process"
"ENSDARG00000055339","mipepb","GO:0006627","protein processing involved in protein targeting to mitochondrion"
"ENSDARG00000074356","FXN","GO:0004322","ferroxidase activity"
"ENSDARG00000074356","FXN","GO:0006879","intracellular iron ion homeostasis"
"ENSDARG00000074356","FXN","GO:0008199","ferric iron binding"
"ENSDARG00000074356","FXN","GO:0016226","iron-sulfur cluster assembly"
"ENSDARG00000074356","FXN","GO:0005739","mitochondrion"
"ENSDARG00000074356","FXN","GO:0018283","iron incorporation into metallo-sulfur cluster"
"ENSDARG00000041304","TRAK1","GO:0005739","mitochondrion"
"ENSDARG00000088013","CYP27A1","GO:0046872","metal ion binding"
"ENSDARG00000088013","CYP27A1","GO:0006629","lipid metabolic process"
"ENSDARG00000088013","CYP27A1","GO:0020037","heme binding"
"ENSDARG00000088013","CYP27A1","GO:0005739","mitochondrion"
"ENSDARG00000088013","CYP27A1","GO:0005506","iron ion binding"
"ENSDARG00000088013","CYP27A1","GO:0008203","cholesterol metabolic process"
"ENSDARG00000088013","CYP27A1","GO:0016705","oxidoreductase activity, acting on paired donors, with incorporation or reduction of molecular oxygen"
"ENSDARG00000088013","CYP27A1","GO:0004497","monooxygenase activity"
"ENSDARG00000088013","CYP27A1","GO:0030343","vitamin D3 25-hydroxylase activity"
"ENSDARG00000088013","CYP27A1","GO:0031073","cholesterol 26-hydroxylase activity"
"ENSDARG00000088013","CYP27A1","GO:0036378","calcitriol biosynthetic process from calciol"
"ENSDARG00000012388","cox4i1l","GO:0005739","mitochondrion"
"ENSDARG00000012388","cox4i1l","GO:0005743","mitochondrial inner membrane"
"ENSDARG00000012388","cox4i1l","GO:0006119","oxidative phosphorylation"
"ENSDARG00000012388","cox4i1l","GO:0006123","mitochondrial electron transport, cytochrome c to oxygen"
"ENSDARG00000012388","cox4i1l","GO:0045277","respiratory chain complex IV"
"ENSDARG00000063574","MTG2","GO:0003924","GTPase activity"
"ENSDARG00000063574","MTG2","GO:0005525","GTP binding"
"ENSDARG00000063574","MTG2","GO:0005739","mitochondrion"
"ENSDARG00000063574","MTG2","GO:0000287","magnesium ion binding"
"ENSDARG00000063574","MTG2","GO:0042254","ribosome biogenesis"
"ENSDARG00000055159","CYP27A1","GO:0046872","metal ion binding"
"ENSDARG00000055159","CYP27A1","GO:0006629","lipid metabolic process"
"ENSDARG00000055159","CYP27A1","GO:0020037","heme binding"
"ENSDARG00000055159","CYP27A1","GO:0005739","mitochondrion"
"ENSDARG00000055159","CYP27A1","GO:0005506","iron ion binding"
"ENSDARG00000055159","CYP27A1","GO:0008203","cholesterol metabolic process"
"ENSDARG00000055159","CYP27A1","GO:0016705","oxidoreductase activity, acting on paired donors, with incorporation or reduction of molecular oxygen"
"ENSDARG00000055159","CYP27A1","GO:0004497","monooxygenase activity"
"ENSDARG00000055159","CYP27A1","GO:0030343","vitamin D3 25-hydroxylase activity"
"ENSDARG00000055159","CYP27A1","GO:0031073","cholesterol 26-hydroxylase activity"
"ENSDARG00000055159","CYP27A1","GO:0036378","calcitriol biosynthetic process from calciol"
"ENSDARG00000079881","TCAIM","GO:0005739","mitochondrion"
"ENSDARG00000029064","UQCRQ","GO:0045275","respiratory chain complex III"
"ENSDARG00000029064","UQCRQ","GO:0005739","mitochondrion"
"ENSDARG00000029064","UQCRQ","GO:0005743","mitochondrial inner membrane"
"ENSDARG00000029064","UQCRQ","GO:0006122","mitochondrial electron transport, ubiquinol to cytochrome c"
"ENSDARG00000102538","MCCC1","GO:0046872","metal ion binding"
"ENSDARG00000102538","MCCC1","GO:0005524","ATP binding"
"ENSDARG00000102538","MCCC1","GO:0005739","mitochondrion"
"ENSDARG00000102538","MCCC1","GO:0016874","ligase activity"
"ENSDARG00000102538","MCCC1","GO:0004485","methylcrotonoyl-CoA carboxylase activity"
"ENSDARG00000102765","LONP1","GO:0003677","DNA binding"
"ENSDARG00000102765","LONP1","GO:0004252","serine-type endopeptidase activity"
"ENSDARG00000102765","LONP1","GO:0005524","ATP binding"
"ENSDARG00000102765","LONP1","GO:0005739","mitochondrion"
"ENSDARG00000102765","LONP1","GO:0006508","proteolysis"
"ENSDARG00000102765","LONP1","GO:0003697","single-stranded DNA binding"
"ENSDARG00000102765","LONP1","GO:0016887","ATP hydrolysis activity"
"ENSDARG00000102765","LONP1","GO:0004176","ATP-dependent peptidase activity"
"ENSDARG00000102765","LONP1","GO:0005759","mitochondrial matrix"
"ENSDARG00000102765","LONP1","GO:0008236","serine-type peptidase activity"
"ENSDARG00000102765","LONP1","GO:0030163","protein catabolic process"
"ENSDARG00000102765","LONP1","GO:0007005","mitochondrion organization"
"ENSDARG00000102765","LONP1","GO:0043565","sequence-specific DNA binding"
"ENSDARG00000102765","LONP1","GO:0006515","protein quality control for misfolded or incompletely synthesized proteins"
"ENSDARG00000102765","LONP1","GO:0034599","cellular response to oxidative stress"
"ENSDARG00000102765","LONP1","GO:0051131","chaperone-mediated protein complex assembly"
"ENSDARG00000102765","LONP1","GO:0070407","oxidation-dependent protein catabolic process"
"ENSDARG00000102765","LONP1","GO:0009653","anatomical structure morphogenesis"
"ENSDARG00000005561","GFM2","GO:0032790","ribosome disassembly"
"ENSDARG00000005561","GFM2","GO:0005739","mitochondrion"
"ENSDARG00000005561","GFM2","GO:0003924","GTPase activity"
"ENSDARG00000005561","GFM2","GO:0005525","GTP binding"
"ENSDARG00000075561","si:dkey-76k16.5","GO:0047961","glycine N-acyltransferase activity"
"ENSDARG00000075561","si:dkey-76k16.5","GO:0005739","mitochondrion"
"ENSDARG00000002347","CYP11A1","GO:0016705","oxidoreductase activity, acting on paired donors, with incorporation or reduction of molecular oxygen"
"ENSDARG00000002347","CYP11A1","GO:0005506","iron ion binding"
"ENSDARG00000002347","CYP11A1","GO:0020037","heme binding"
"ENSDARG00000002347","CYP11A1","GO:0005739","mitochondrion"
"ENSDARG00000002347","CYP11A1","GO:0004497","monooxygenase activity"
"ENSDARG00000077481","si:dkey-76k16.6","GO:0047961","glycine N-acyltransferase activity"
"ENSDARG00000077481","si:dkey-76k16.6","GO:0016747","acyltransferase activity, transferring groups other than amino-acyl groups"
"ENSDARG00000077481","si:dkey-76k16.6","GO:0005739","mitochondrion"
"ENSDARG00000104172","diabloa","GO:0006915","apoptotic process"
"ENSDARG00000104172","diabloa","GO:0005739","mitochondrion"
"ENSDARG00000104172","diabloa","GO:2001056","positive regulation of cysteine-type endopeptidase activity"
"ENSDARG00000077299","YARS2","GO:0043039","tRNA aminoacylation"
"ENSDARG00000077299","YARS2","GO:0004831","tyrosine-tRNA ligase activity"
"ENSDARG00000077299","YARS2","GO:0005829","cytosol"
"ENSDARG00000077299","YARS2","GO:0005524","ATP binding"
"ENSDARG00000077299","YARS2","GO:0003723","RNA binding"
"ENSDARG00000077299","YARS2","GO:0005739","mitochondrion"
"ENSDARG00000077299","YARS2","GO:0004812","aminoacyl-tRNA ligase activity"
"ENSDARG00000077299","YARS2","GO:0006412","translation"
"ENSDARG00000077299","YARS2","GO:0006437","tyrosyl-tRNA aminoacylation"
"ENSDARG00000077299","YARS2","GO:0000166","nucleotide binding"
"ENSDARG00000077299","YARS2","GO:0006418","tRNA aminoacylation for protein translation"
"ENSDARG00000033789","NDUFB7","GO:0045271","respiratory chain complex I"
"ENSDARG00000033789","NDUFB7","GO:0005739","mitochondrion"
"ENSDARG00000033789","NDUFB7","GO:0005743","mitochondrial inner membrane"
"ENSDARG00000033789","NDUFB7","GO:0005758","mitochondrial intermembrane space"
"ENSDARG00000006546","AK4","GO:0016776","phosphotransferase activity, phosphate group as acceptor"
"ENSDARG00000006546","AK4","GO:0004017","adenylate kinase activity"
"ENSDARG00000006546","AK4","GO:0006139","nucleobase-containing compound metabolic process"
"ENSDARG00000006546","AK4","GO:0019205","nucleobase-containing compound kinase activity"
"ENSDARG00000006546","AK4","GO:0005739","mitochondrion"
"ENSDARG00000006546","AK4","GO:0005524","ATP binding"
"ENSDARG00000021404","zgc:110319","GO:0005739","mitochondrion"
"ENSDARG00000021404","zgc:110319","GO:0051536","iron-sulfur cluster binding"
"ENSDARG00000021404","zgc:110319","GO:0005506","iron ion binding"
"ENSDARG00000021404","zgc:110319","GO:0016226","iron-sulfur cluster assembly"
"ENSDARG00000021404","zgc:110319","GO:0051539","4 iron, 4 sulfur cluster binding"
"ENSDARG00000021404","zgc:110319","GO:0106035","protein maturation by [4Fe-4S] cluster transfer"
"ENSDARG00000022165","MGST1","GO:0016740","transferase activity"
"ENSDARG00000022165","MGST1","GO:0016020","membrane"
"ENSDARG00000022165","MGST1","GO:0005739","mitochondrion"
"ENSDARG00000022165","MGST1","GO:0005783","endoplasmic reticulum"
"ENSDARG00000022165","MGST1","GO:0005789","endoplasmic reticulum membrane"
"ENSDARG00000022165","MGST1","GO:0004364","glutathione transferase activity"
"ENSDARG00000022165","MGST1","GO:0005741","mitochondrial outer membrane"
"ENSDARG00000036329","NDUFA1","GO:0045271","respiratory chain complex I"
"ENSDARG00000036329","NDUFA1","GO:0005739","mitochondrion"
"ENSDARG00000036329","NDUFA1","GO:0005743","mitochondrial inner membrane"
"ENSDARG00000036329","NDUFA1","GO:0003674","molecular_function"
"ENSDARG00000079124","MTERF4","GO:0006355","regulation of DNA-templated transcription"
"ENSDARG00000079124","MTERF4","GO:0005739","mitochondrion"
"ENSDARG00000079124","MTERF4","GO:0006390","mitochondrial transcription"
"ENSDARG00000079124","MTERF4","GO:0003690","double-stranded DNA binding"
"ENSDARG00000079124","MTERF4","GO:0061668","mitochondrial ribosome assembly"
"ENSDARG00000054533","ARAF","GO:0004694","eukaryotic translation initiation factor 2alpha kinase activity"
"ENSDARG00000054533","ARAF","GO:0035403","histone H3T6 kinase activity"
"ENSDARG00000054533","ARAF","GO:0005737","cytoplasm"
"ENSDARG00000054533","ARAF","GO:0046872","metal ion binding"
"ENSDARG00000054533","ARAF","GO:0007165","signal transduction"
"ENSDARG00000054533","ARAF","GO:0005829","cytosol"
"ENSDARG00000054533","ARAF","GO:0004672","protein kinase activity"
"ENSDARG00000054533","ARAF","GO:0005524","ATP binding"
"ENSDARG00000054533","ARAF","GO:0004674","protein serine/threonine kinase activity"
"ENSDARG00000054533","ARAF","GO:0046332","SMAD binding"
"ENSDARG00000054533","ARAF","GO:1900108","negative regulation of nodal signaling pathway"
"ENSDARG00000054533","ARAF","GO:0005739","mitochondrion"
"ENSDARG00000054533","ARAF","GO:0004709","MAP kinase kinase kinase activity"
"ENSDARG00000054533","ARAF","GO:0000165","MAPK cascade"
"ENSDARG00000054533","ARAF","GO:0006468","protein phosphorylation"
"ENSDARG00000054533","ARAF","GO:0004679","AMP-activated protein kinase activity"
"ENSDARG00000054533","ARAF","GO:0006338","chromatin remodeling"
"ENSDARG00000054533","ARAF","GO:0060392","negative regulation of SMAD protein signal transduction"
"ENSDARG00000054533","ARAF","GO:0004676","3-phosphoinositide-dependent protein kinase activity"
"ENSDARG00000054533","ARAF","GO:0004677","DNA-dependent protein kinase activity"
"ENSDARG00000054533","ARAF","GO:0004711","ribosomal protein S6 kinase activity"
"ENSDARG00000054533","ARAF","GO:0035175","histone H3S10 kinase activity"
"ENSDARG00000054533","ARAF","GO:0035402","histone H3T11 kinase activity"
"ENSDARG00000054533","ARAF","GO:0035979","histone H2AXS139 kinase activity"
"ENSDARG00000054533","ARAF","GO:0044022","histone H3S28 kinase activity"
"ENSDARG00000054533","ARAF","GO:0044023","histone H4S1 kinase activity"
"ENSDARG00000054533","ARAF","GO:0044024","histone H2AS1 kinase activity"
"ENSDARG00000054533","ARAF","GO:0044025","histone H2BS14 kinase activity"
"ENSDARG00000054533","ARAF","GO:0072354","histone H3T3 kinase activity"
"ENSDARG00000054533","ARAF","GO:0072371","histone H2AS121 kinase activity"
"ENSDARG00000054533","ARAF","GO:0072518","Rho-dependent protein serine/threonine kinase activity"
"ENSDARG00000054533","ARAF","GO:0140823","histone H2BS36 kinase activity"
"ENSDARG00000054533","ARAF","GO:0140855","histone H3S57 kinase activity"
"ENSDARG00000054533","ARAF","GO:0140857","histone H3T45 kinase activity"
"ENSDARG00000054533","ARAF","GO:1990244","histone H2AT120 kinase activity"
"ENSDARG00000042799","atpaf1","GO:0065003","protein-containing complex assembly"
"ENSDARG00000042799","atpaf1","GO:0005739","mitochondrion"
"ENSDARG00000092478","sdhaf1","GO:0005739","mitochondrion"
"ENSDARG00000092478","sdhaf1","GO:0003674","molecular_function"
"ENSDARG00000092478","sdhaf1","GO:0005759","mitochondrial matrix"
"ENSDARG00000092478","sdhaf1","GO:0034553","mitochondrial respiratory chain complex II assembly"
"ENSDARG00000044626","CCDC90B","GO:0016020","membrane"
"ENSDARG00000044626","CCDC90B","GO:0005739","mitochondrion"
"ENSDARG00000006031","ABAT","GO:0034386","4-aminobutyrate:2-oxoglutarate transaminase activity"
"ENSDARG00000006031","ABAT","GO:0005739","mitochondrion"
"ENSDARG00000006031","ABAT","GO:0030170","pyridoxal phosphate binding"
"ENSDARG00000006031","ABAT","GO:0008483","transaminase activity"
"ENSDARG00000006031","ABAT","GO:0009448","gamma-aminobutyric acid metabolic process"
"ENSDARG00000006031","ABAT","GO:0009450","gamma-aminobutyric acid catabolic process"
"ENSDARG00000006031","ABAT","GO:0047298","(S)-3-amino-2-methylpropionate transaminase activity"
"ENSDARG00000044092","atp5if1b","GO:0032780","negative regulation of ATP-dependent activity"
"ENSDARG00000044092","atp5if1b","GO:0042030","ATPase inhibitor activity"
"ENSDARG00000044092","atp5if1b","GO:0005739","mitochondrion"
"ENSDARG00000104111","MRPS30","GO:0005739","mitochondrion"
"ENSDARG00000104111","MRPS30","GO:0005840","ribosome"
"ENSDARG00000104111","MRPS30","GO:0006412","translation"
"ENSDARG00000104111","MRPS30","GO:0003735","structural constituent of ribosome"
"ENSDARG00000041575","trmt10c","GO:0008033","tRNA processing"
"ENSDARG00000041575","trmt10c","GO:0005739","mitochondrion"
"ENSDARG00000062916","MRPL37","GO:0005739","mitochondrion"
"ENSDARG00000062916","MRPL37","GO:0005840","ribosome"
"ENSDARG00000062916","MRPL37","GO:0006412","translation"
"ENSDARG00000062916","MRPL37","GO:0003735","structural constituent of ribosome"
"ENSDARG00000099776","GLUL","GO:0005737","cytoplasm"
"ENSDARG00000099776","GLUL","GO:0005524","ATP binding"
"ENSDARG00000099776","GLUL","GO:0005739","mitochondrion"
"ENSDARG00000099776","GLUL","GO:0016874","ligase activity"
"ENSDARG00000099776","GLUL","GO:0004356","glutamine synthetase activity"
"ENSDARG00000099776","GLUL","GO:0006542","glutamine biosynthetic process"
"ENSDARG00000099776","GLUL","GO:0003824","catalytic activity"
"ENSDARG00000092677","coa6","GO:0008535","respiratory chain complex IV assembly"
"ENSDARG00000092677","coa6","GO:0005739","mitochondrion"
"ENSDARG00000035468","SLC25A25","GO:0016020","membrane"
"ENSDARG00000035468","SLC25A25","GO:0055085","transmembrane transport"
"ENSDARG00000035468","SLC25A25","GO:0005509","calcium ion binding"
"ENSDARG00000035468","SLC25A25","GO:0005739","mitochondrion"
"ENSDARG00000035468","SLC25A25","GO:0005743","mitochondrial inner membrane"
"ENSDARG00000068125","nfu1","GO:0005739","mitochondrion"
"ENSDARG00000068125","nfu1","GO:0051536","iron-sulfur cluster binding"
"ENSDARG00000068125","nfu1","GO:0005506","iron ion binding"
"ENSDARG00000068125","nfu1","GO:0016226","iron-sulfur cluster assembly"
"ENSDARG00000068125","nfu1","GO:0051539","4 iron, 4 sulfur cluster binding"
"ENSDARG00000068125","nfu1","GO:0106035","protein maturation by [4Fe-4S] cluster transfer"
"ENSDARG00000014956","diablob","GO:0006915","apoptotic process"
"ENSDARG00000014956","diablob","GO:0005739","mitochondrion"
"ENSDARG00000014956","diablob","GO:2001056","positive regulation of cysteine-type endopeptidase activity"
"ENSDARG00000038956","fdx1b","GO:0005739","mitochondrion"
"ENSDARG00000038956","fdx1b","GO:0051536","iron-sulfur cluster binding"
"ENSDARG00000038956","fdx1b","GO:0051537","2 iron, 2 sulfur cluster binding"
"ENSDARG00000038956","fdx1b","GO:0009055","electron transfer activity"
"ENSDARG00000038956","fdx1b","GO:0006694","steroid biosynthetic process"
"ENSDARG00000038956","fdx1b","GO:0034651","cortisol biosynthetic process"
"ENSDARG00000038956","fdx1b","GO:0022900","electron transport chain"
"ENSDARG00000038956","fdx1b","GO:0140647","P450-containing electron transport chain"
"ENSDARG00000090389","ndufv3","GO:0045271","respiratory chain complex I"
"ENSDARG00000090389","ndufv3","GO:0005739","mitochondrion"
"ENSDARG00000103856","ptcd3","GO:0043024","ribosomal small subunit binding"
"ENSDARG00000103856","ptcd3","GO:0032543","mitochondrial translation"
"ENSDARG00000103856","ptcd3","GO:0005739","mitochondrion"
"ENSDARG00000103856","ptcd3","GO:0019843","rRNA binding"
"ENSDARG00000103856","ptcd3","GO:0005515","protein binding"
"ENSDARG00000010108","BRI3BP","GO:0016020","membrane"
"ENSDARG00000010108","BRI3BP","GO:0005739","mitochondrion"
"ENSDARG00000060199","mrpl18","GO:0005737","cytoplasm"
"ENSDARG00000060199","mrpl18","GO:0005739","mitochondrion"
"ENSDARG00000060199","mrpl18","GO:0003735","structural constituent of ribosome"
"ENSDARG00000060199","mrpl18","GO:0006412","translation"
"ENSDARG00000060199","mrpl18","GO:0005840","ribosome"
"ENSDARG00000060199","mrpl18","GO:1990904","ribonucleoprotein complex"
"ENSDARG00000060199","mrpl18","GO:0008097","5S rRNA binding"
"ENSDARG00000044551","ATG9A","GO:0016020","membrane"
"ENSDARG00000044551","ATG9A","GO:0005739","mitochondrion"
"ENSDARG00000044551","ATG9A","GO:0031966","mitochondrial membrane"
"ENSDARG00000044551","ATG9A","GO:0003674","molecular_function"
"ENSDARG00000044551","ATG9A","GO:0005794","Golgi apparatus"
"ENSDARG00000044551","ATG9A","GO:0005783","endoplasmic reticulum"
"ENSDARG00000044551","ATG9A","GO:0005789","endoplasmic reticulum membrane"
"ENSDARG00000044551","ATG9A","GO:0006914","autophagy"
"ENSDARG00000044551","ATG9A","GO:0034727","piecemeal microautophagy of the nucleus"
"ENSDARG00000044551","ATG9A","GO:0000407","phagophore assembly site"
"ENSDARG00000044551","ATG9A","GO:0006869","lipid transport"
"ENSDARG00000044551","ATG9A","GO:0005776","autophagosome"
"ENSDARG00000044551","ATG9A","GO:0061709","reticulophagy"
"ENSDARG00000044551","ATG9A","GO:0005768","endosome"
"ENSDARG00000044551","ATG9A","GO:0031902","late endosome membrane"
"ENSDARG00000044551","ATG9A","GO:0034497","protein localization to phagophore assembly site"
"ENSDARG00000044551","ATG9A","GO:0055038","recycling endosome membrane"
"ENSDARG00000044551","ATG9A","GO:0000421","autophagosome membrane"
"ENSDARG00000044551","ATG9A","GO:0000423","mitophagy"
"ENSDARG00000044551","ATG9A","GO:0034045","phagophore assembly site membrane"
"ENSDARG00000104487","MTHFS","GO:0005737","cytoplasm"
"ENSDARG00000104487","MTHFS","GO:0046872","metal ion binding"
"ENSDARG00000104487","MTHFS","GO:0005524","ATP binding"
"ENSDARG00000104487","MTHFS","GO:0005739","mitochondrion"
"ENSDARG00000104487","MTHFS","GO:0030272","5-formyltetrahydrofolate cyclo-ligase activity"
"ENSDARG00000104487","MTHFS","GO:0009396","folic acid-containing compound biosynthetic process"
"ENSDARG00000104487","MTHFS","GO:0035999","tetrahydrofolate interconversion"
"ENSDARG00000100025","uqcc4","GO:0005739","mitochondrion"
"ENSDARG00000100025","uqcc4","GO:0005743","mitochondrial inner membrane"
"ENSDARG00000100025","uqcc4","GO:0034551","mitochondrial respiratory chain complex III assembly"
"ENSDARG00000004282","zgc:77375","GO:0005739","mitochondrion"
"ENSDARG00000004282","zgc:77375","GO:0046474","glycerophospholipid biosynthetic process"
"ENSDARG00000096003","atp5md","GO:0045259","proton-transporting ATP synthase complex"
"ENSDARG00000096003","atp5md","GO:0016020","membrane"
"ENSDARG00000096003","atp5md","GO:0005739","mitochondrion"
"ENSDARG00000096003","atp5md","GO:0031966","mitochondrial membrane"
"ENSDARG00000045230","cox6b1","GO:0016020","membrane"
"ENSDARG00000045230","cox6b1","GO:0005739","mitochondrion"
"ENSDARG00000045230","cox6b1","GO:0045277","respiratory chain complex IV"
"ENSDARG00000021154","zgc:92040","GO:0016491","oxidoreductase activity"
"ENSDARG00000021154","zgc:92040","GO:0005739","mitochondrion"
"ENSDARG00000021154","zgc:92040","GO:0006560","proline metabolic process"
"ENSDARG00000021154","zgc:92040","GO:0071949","FAD binding"
"ENSDARG00000021154","zgc:92040","GO:0004657","proline dehydrogenase activity"
"ENSDARG00000021154","zgc:92040","GO:0006562","proline catabolic process"
"ENSDARG00000021154","zgc:92040","GO:0010133","proline catabolic process to glutamate"
"ENSDARG00000069282","bbc3","GO:0090200","positive regulation of release of cytochrome c from mitochondria"
"ENSDARG00000069282","bbc3","GO:0097193","intrinsic apoptotic signaling pathway"
"ENSDARG00000069282","bbc3","GO:0043065","positive regulation of apoptotic process"
"ENSDARG00000069282","bbc3","GO:0005739","mitochondrion"
"ENSDARG00000018146","gpx1a","GO:0005829","cytosol"
"ENSDARG00000018146","gpx1a","GO:0005739","mitochondrion"
"ENSDARG00000018146","gpx1a","GO:0004601","peroxidase activity"
"ENSDARG00000018146","gpx1a","GO:0006979","response to oxidative stress"
"ENSDARG00000018146","gpx1a","GO:0098869","cellular oxidant detoxification"
"ENSDARG00000018146","gpx1a","GO:0004602","glutathione peroxidase activity"
"ENSDARG00000018146","gpx1a","GO:0006749","glutathione metabolic process"
"ENSDARG00000018146","gpx1a","GO:0010269","response to selenium ion"
"ENSDARG00000018146","gpx1a","GO:0042542","response to hydrogen peroxide"
"ENSDARG00000018146","gpx1a","GO:0042744","hydrogen peroxide catabolic process"
"ENSDARG00000054848","PDK4","GO:0004672","protein kinase activity"
"ENSDARG00000054848","PDK4","GO:0005524","ATP binding"
"ENSDARG00000054848","PDK4","GO:0016301","kinase activity"
"ENSDARG00000054848","PDK4","GO:0005739","mitochondrion"
"ENSDARG00000054848","PDK4","GO:0005759","mitochondrial matrix"
"ENSDARG00000054848","PDK4","GO:0008286","insulin receptor signaling pathway"
"ENSDARG00000054848","PDK4","GO:0004740","pyruvate dehydrogenase (acetyl-transferring) kinase activity"
"ENSDARG00000054848","PDK4","GO:0010906","regulation of glucose metabolic process"
"ENSDARG00000054848","PDK4","GO:0010510","regulation of acetyl-CoA biosynthetic process from pyruvate"
"ENSDARG00000080000","SLC25A1","GO:0016020","membrane"
"ENSDARG00000080000","SLC25A1","GO:0005739","mitochondrion"
"ENSDARG00000080000","SLC25A1","GO:0031966","mitochondrial membrane"
"ENSDARG00000080000","SLC25A1","GO:0006843","mitochondrial citrate transmembrane transport"
"ENSDARG00000080000","SLC25A1","GO:0071913","citrate secondary active transmembrane transporter activity"
"ENSDARG00000057414","PHB1","GO:0016020","membrane"
"ENSDARG00000057414","PHB1","GO:0005739","mitochondrion"
"ENSDARG00000057414","PHB1","GO:0005743","mitochondrial inner membrane"
"ENSDARG00000057414","PHB1","GO:0071897","DNA biosynthetic process"
"ENSDARG00000058041","NDUFA8","GO:0045271","respiratory chain complex I"
"ENSDARG00000058041","NDUFA8","GO:0006120","mitochondrial electron transport, NADH to ubiquinone"
"ENSDARG00000058041","NDUFA8","GO:0005739","mitochondrion"
"ENSDARG00000058041","NDUFA8","GO:0005743","mitochondrial inner membrane"
"ENSDARG00000059128","UQCRH","GO:0045275","respiratory chain complex III"
"ENSDARG00000059128","UQCRH","GO:0005739","mitochondrion"
"ENSDARG00000059128","UQCRH","GO:0005743","mitochondrial inner membrane"
"ENSDARG00000059128","UQCRH","GO:0006122","mitochondrial electron transport, ubiquinol to cytochrome c"
"ENSDARG00000014313","ATP5PF","GO:0045259","proton-transporting ATP synthase complex"
"ENSDARG00000014313","ATP5PF","GO:0005739","mitochondrion"
"ENSDARG00000014313","ATP5PF","GO:0005743","mitochondrial inner membrane"
"ENSDARG00000014313","ATP5PF","GO:0015078","proton transmembrane transporter activity"
"ENSDARG00000014313","ATP5PF","GO:0015986","proton motive force-driven ATP synthesis"
"ENSDARG00000014313","ATP5PF","GO:1902600","proton transmembrane transport"
"ENSDARG00000014313","ATP5PF","GO:0045263","proton-transporting ATP synthase complex, coupling factor F(o)"
"ENSDARG00000060594","HADHA","GO:0016507","mitochondrial fatty acid beta-oxidation multienzyme complex"
"ENSDARG00000060594","HADHA","GO:0004300","enoyl-CoA hydratase activity"
"ENSDARG00000060594","HADHA","GO:0006631","fatty acid metabolic process"
"ENSDARG00000060594","HADHA","GO:0003857","3-hydroxyacyl-CoA dehydrogenase activity"
"ENSDARG00000060594","HADHA","GO:0070403","NAD+ binding"
"ENSDARG00000060594","HADHA","GO:0006635","fatty acid beta-oxidation"
"ENSDARG00000060594","HADHA","GO:0016616","oxidoreductase activity, acting on the CH-OH group of donors, NAD or NADP as acceptor"
"ENSDARG00000060594","HADHA","GO:0005739","mitochondrion"
"ENSDARG00000060594","HADHA","GO:0016491","oxidoreductase activity"
"ENSDARG00000060594","HADHA","GO:0003824","catalytic activity"
"ENSDARG00000095776","HCCS","GO:0005739","mitochondrion"
"ENSDARG00000095776","HCCS","GO:0004408","holocytochrome-c synthase activity"
"ENSDARG00000039346","ndufa5","GO:0045271","respiratory chain complex I"
"ENSDARG00000039346","ndufa5","GO:0005739","mitochondrion"
"ENSDARG00000039346","ndufa5","GO:0005743","mitochondrial inner membrane"
"ENSDARG00000039346","ndufa5","GO:0022904","respiratory electron transport chain"
"ENSDARG00000010021","GRPEL1","GO:0005739","mitochondrion"
"ENSDARG00000010021","GRPEL1","GO:0000774","adenyl-nucleotide exchange factor activity"
"ENSDARG00000010021","GRPEL1","GO:0051082","unfolded protein binding"
"ENSDARG00000010021","GRPEL1","GO:0006457","protein folding"
"ENSDARG00000010021","GRPEL1","GO:0042803","protein homodimerization activity"
"ENSDARG00000010021","GRPEL1","GO:0030150","protein import into mitochondrial matrix"
"ENSDARG00000010021","GRPEL1","GO:0051087","protein-folding chaperone binding"
"ENSDARG00000010021","GRPEL1","GO:0005759","mitochondrial matrix"
"ENSDARG00000010021","GRPEL1","GO:0001405","PAM complex, Tim23 associated import motor"
"ENSDARG00000028131","HCCS","GO:0005739","mitochondrion"
"ENSDARG00000028131","HCCS","GO:0004408","holocytochrome-c synthase activity"
"ENSDARG00000031366","RTN4IP1","GO:0005739","mitochondrion"
"ENSDARG00000031366","RTN4IP1","GO:0016491","oxidoreductase activity"
"ENSDARG00000012325","zgc:110269","GO:0003677","DNA binding"
"ENSDARG00000012325","zgc:110269","GO:0005634","nucleus"
"ENSDARG00000012325","zgc:110269","GO:0046872","metal ion binding"
"ENSDARG00000012325","zgc:110269","GO:0005739","mitochondrion"
"ENSDARG00000012325","zgc:110269","GO:0006260","DNA replication"
"ENSDARG00000012325","zgc:110269","GO:0004518","nuclease activity"
"ENSDARG00000012325","zgc:110269","GO:0000287","magnesium ion binding"
"ENSDARG00000012325","zgc:110269","GO:0006281","DNA repair"
"ENSDARG00000012325","zgc:110269","GO:0004519","endonuclease activity"
"ENSDARG00000012325","zgc:110269","GO:0017108","5'-flap endonuclease activity"
"ENSDARG00000012325","zgc:110269","GO:0005654","nucleoplasm"
"ENSDARG00000012325","zgc:110269","GO:0005730","nucleolus"
"ENSDARG00000012325","zgc:110269","GO:0004527","exonuclease activity"
"ENSDARG00000012325","zgc:110269","GO:0030145","manganese ion binding"
"ENSDARG00000012325","zgc:110269","GO:0004523","RNA-DNA hybrid ribonuclease activity"
"ENSDARG00000012325","zgc:110269","GO:0008409","5'-3' exonuclease activity"
"ENSDARG00000012325","zgc:110269","GO:0003824","catalytic activity"
"ENSDARG00000010655","PPM1K","GO:0046872","metal ion binding"
"ENSDARG00000010655","PPM1K","GO:0005739","mitochondrion"
"ENSDARG00000010655","PPM1K","GO:0043066","negative regulation of apoptotic process"
"ENSDARG00000010655","PPM1K","GO:0007507","heart development"
"ENSDARG00000010655","PPM1K","GO:0004721","phosphoprotein phosphatase activity"
"ENSDARG00000010655","PPM1K","GO:0004722","protein serine/threonine phosphatase activity"
"ENSDARG00000010655","PPM1K","GO:0001889","liver development"
"ENSDARG00000010655","PPM1K","GO:0031016","pancreas development"
"ENSDARG00000010655","PPM1K","GO:0007420","brain development"
"ENSDARG00000010655","PPM1K","GO:0048565","digestive tract development"
"ENSDARG00000010655","PPM1K","GO:0043169","cation binding"
"ENSDARG00000010655","PPM1K","GO:1902531","regulation of intracellular signal transduction"
"ENSDARG00000045927","SLC25A44","GO:0015658","branched-chain amino acid transmembrane transporter activity"
"ENSDARG00000045927","SLC25A44","GO:0009083","branched-chain amino acid catabolic process"
"ENSDARG00000045927","SLC25A44","GO:0005739","mitochondrion"
"ENSDARG00000045927","SLC25A44","GO:0055085","transmembrane transport"
"ENSDARG00000032919","CHCHD3","GO:0061617","MICOS complex"
"ENSDARG00000032919","CHCHD3","GO:0005739","mitochondrion"
"ENSDARG00000094749","HTRA2","GO:0006508","proteolysis"
"ENSDARG00000094749","HTRA2","GO:0004252","serine-type endopeptidase activity"
"ENSDARG00000094749","HTRA2","GO:0005739","mitochondrion"
"ENSDARG00000094749","HTRA2","GO:0043065","positive regulation of apoptotic process"
"ENSDARG00000094749","HTRA2","GO:0008236","serine-type peptidase activity"
"ENSDARG00000094749","HTRA2","GO:0005515","protein binding"
"ENSDARG00000094749","HTRA2","GO:0012501","programmed cell death"
"ENSDARG00000019963","SFXN1","GO:0016020","membrane"
"ENSDARG00000019963","SFXN1","GO:0055085","transmembrane transport"
"ENSDARG00000019963","SFXN1","GO:0006811","monoatomic ion transport"
"ENSDARG00000019963","SFXN1","GO:0005739","mitochondrion"
"ENSDARG00000019963","SFXN1","GO:0031966","mitochondrial membrane"
"ENSDARG00000019963","SFXN1","GO:0034220","monoatomic ion transmembrane transport"
"ENSDARG00000019963","SFXN1","GO:0022857","transmembrane transporter activity"
"ENSDARG00000019963","SFXN1","GO:0005743","mitochondrial inner membrane"
"ENSDARG00000019963","SFXN1","GO:0042541","hemoglobin biosynthetic process"
"ENSDARG00000019963","SFXN1","GO:0015075","monoatomic ion transmembrane transporter activity"
"ENSDARG00000019963","SFXN1","GO:0006730","one-carbon metabolic process"
"ENSDARG00000019963","SFXN1","GO:0006865","amino acid transport"
"ENSDARG00000019963","SFXN1","GO:0140300","serine import into mitochondrion"
"ENSDARG00000019963","SFXN1","GO:0043362","nucleate erythrocyte maturation"
"ENSDARG00000103019","gstp1.1","GO:0005634","nucleus"
"ENSDARG00000103019","gstp1.1","GO:0016740","transferase activity"
"ENSDARG00000103019","gstp1.1","GO:0005737","cytoplasm"
"ENSDARG00000103019","gstp1.1","GO:0005829","cytosol"
"ENSDARG00000103019","gstp1.1","GO:0005739","mitochondrion"
"ENSDARG00000103019","gstp1.1","GO:0004364","glutathione transferase activity"
"ENSDARG00000103019","gstp1.1","GO:0006749","glutathione metabolic process"
"ENSDARG00000103019","gstp1.1","GO:0009636","response to toxic substance"
"ENSDARG00000053575","GPAT2","GO:0016020","membrane"
"ENSDARG00000053575","GPAT2","GO:0006629","lipid metabolic process"
"ENSDARG00000053575","GPAT2","GO:0005739","mitochondrion"
"ENSDARG00000053575","GPAT2","GO:0016746","acyltransferase activity"
"ENSDARG00000053575","GPAT2","GO:0008374","O-acyltransferase activity"
"ENSDARG00000053575","GPAT2","GO:0019432","triglyceride biosynthetic process"
"ENSDARG00000053575","GPAT2","GO:0004366","glycerol-3-phosphate O-acyltransferase activity"
"ENSDARG00000053575","GPAT2","GO:0006650","glycerophospholipid metabolic process"
"ENSDARG00000016613","MCAT","GO:0005739","mitochondrion"
"ENSDARG00000016613","MCAT","GO:0006633","fatty acid biosynthetic process"
"ENSDARG00000016613","MCAT","GO:0016740","transferase activity"
"ENSDARG00000016613","MCAT","GO:0004314","[acyl-carrier-protein] S-malonyltransferase activity"
"ENSDARG00000016613","MCAT","GO:0032787","monocarboxylic acid metabolic process"
"ENSDARG00000077075","fastk","GO:0016301","kinase activity"
"ENSDARG00000077075","fastk","GO:0005739","mitochondrion"
"ENSDARG00000077075","fastk","GO:0003723","RNA binding"
"ENSDARG00000077075","fastk","GO:0005759","mitochondrial matrix"
"ENSDARG00000077075","fastk","GO:0035770","ribonucleoprotein granule"
"ENSDARG00000077075","fastk","GO:0044528","regulation of mitochondrial mRNA stability"
"ENSDARG00000077075","fastk","GO:0000963","mitochondrial RNA processing"
"ENSDARG00000035905","SLC25A44","GO:0015658","branched-chain amino acid transmembrane transporter activity"
"ENSDARG00000035905","SLC25A44","GO:0009083","branched-chain amino acid catabolic process"
"ENSDARG00000035905","SLC25A44","GO:0005739","mitochondrion"
"ENSDARG00000035905","SLC25A44","GO:0055085","transmembrane transport"
"ENSDARG00000071353","mgarpa","GO:0016020","membrane"
"ENSDARG00000071353","mgarpa","GO:1904115","axon cytoplasm"
"ENSDARG00000071353","mgarpa","GO:0005739","mitochondrion"
"ENSDARG00000071353","mgarpa","GO:0008089","anterograde axonal transport"
"ENSDARG00000105214","AGTPBP1","GO:0005634","nucleus"
"ENSDARG00000105214","AGTPBP1","GO:0006508","proteolysis"
"ENSDARG00000105214","AGTPBP1","GO:0008270","zinc ion binding"
"ENSDARG00000105214","AGTPBP1","GO:0005739","mitochondrion"
"ENSDARG00000105214","AGTPBP1","GO:0004181","metallocarboxypeptidase activity"
"ENSDARG00000105214","AGTPBP1","GO:0008237","metallopeptidase activity"
"ENSDARG00000105214","AGTPBP1","GO:0005829","cytosol"
"ENSDARG00000105214","AGTPBP1","GO:0004180","carboxypeptidase activity"
"ENSDARG00000075057","PRORP","GO:0008033","tRNA processing"
"ENSDARG00000075057","PRORP","GO:0005739","mitochondrion"
"ENSDARG00000075057","PRORP","GO:0005515","protein binding"
"ENSDARG00000103101","ndufc1","GO:0045271","respiratory chain complex I"
"ENSDARG00000103101","ndufc1","GO:0005739","mitochondrion"
"ENSDARG00000074985","AURKAIP1","GO:0016301","kinase activity"
"ENSDARG00000074985","AURKAIP1","GO:0005739","mitochondrion"
"ENSDARG00000074985","AURKAIP1","GO:0003674","molecular_function"
"ENSDARG00000074985","AURKAIP1","GO:0045862","positive regulation of proteolysis"
"ENSDARG00000070723","NDUFA9","GO:0005739","mitochondrion"
"ENSDARG00000070723","NDUFA9","GO:0001666","response to hypoxia"
"ENSDARG00000070723","NDUFA9","GO:0044877","protein-containing complex binding"
"ENSDARG00000070723","NDUFA9","GO:0006744","ubiquinone biosynthetic process"
"ENSDARG00000069142","AARS1","GO:0005634","nucleus"
"ENSDARG00000069142","AARS1","GO:0046872","metal ion binding"
"ENSDARG00000069142","AARS1","GO:0005524","ATP binding"
"ENSDARG00000069142","AARS1","GO:0003676","nucleic acid binding"
"ENSDARG00000069142","AARS1","GO:0005739","mitochondrion"
"ENSDARG00000069142","AARS1","GO:0004812","aminoacyl-tRNA ligase activity"
"ENSDARG00000069142","AARS1","GO:0006412","translation"
"ENSDARG00000069142","AARS1","GO:0005737","cytoplasm"
"ENSDARG00000069142","AARS1","GO:0008270","zinc ion binding"
"ENSDARG00000069142","AARS1","GO:0106074","aminoacyl-tRNA metabolism involved in translational fidelity"
"ENSDARG00000069142","AARS1","GO:0000049","tRNA binding"
"ENSDARG00000069142","AARS1","GO:0002161","aminoacyl-tRNA editing activity"
"ENSDARG00000069142","AARS1","GO:0004813","alanine-tRNA ligase activity"
"ENSDARG00000069142","AARS1","GO:0006419","alanyl-tRNA aminoacylation"
"ENSDARG00000069142","AARS1","GO:0043039","tRNA aminoacylation"
"ENSDARG00000069142","AARS1","GO:0000166","nucleotide binding"
"ENSDARG00000069142","AARS1","GO:0006399","tRNA metabolic process"
"ENSDARG00000075368","MRM2","GO:0008650","rRNA (uridine-2'-O-)-methyltransferase activity"
"ENSDARG00000075368","MRM2","GO:0008168","methyltransferase activity"
"ENSDARG00000075368","MRM2","GO:0005739","mitochondrion"
"ENSDARG00000075368","MRM2","GO:0032259","methylation"
"ENSDARG00000075368","MRM2","GO:0001510","RNA methylation"
"ENSDARG00000075368","MRM2","GO:0006364","rRNA processing"
"ENSDARG00000075368","MRM2","GO:0031167","rRNA methylation"
"ENSDARG00000075923","TXNRD2","GO:0005737","cytoplasm"
"ENSDARG00000075923","TXNRD2","GO:0005829","cytosol"
"ENSDARG00000075923","TXNRD2","GO:0000166","nucleotide binding"
"ENSDARG00000075923","TXNRD2","GO:0016491","oxidoreductase activity"
"ENSDARG00000075923","TXNRD2","GO:0005739","mitochondrion"
"ENSDARG00000075923","TXNRD2","GO:0098869","cellular oxidant detoxification"
"ENSDARG00000075923","TXNRD2","GO:0050660","flavin adenine dinucleotide binding"
"ENSDARG00000075923","TXNRD2","GO:0045454","cell redox homeostasis"
"ENSDARG00000075923","TXNRD2","GO:0004791","thioredoxin-disulfide reductase (NADPH) activity"
"ENSDARG00000075923","TXNRD2","GO:0006979","response to oxidative stress"
"ENSDARG00000075923","TXNRD2","GO:0016668","oxidoreductase activity, acting on a sulfur group of donors, NAD(P) as acceptor"
"ENSDARG00000005359","SUCLA2","GO:0005737","cytoplasm"
"ENSDARG00000005359","SUCLA2","GO:0003824","catalytic activity"
"ENSDARG00000005359","SUCLA2","GO:0046872","metal ion binding"
"ENSDARG00000005359","SUCLA2","GO:0005524","ATP binding"
"ENSDARG00000005359","SUCLA2","GO:0005739","mitochondrion"
"ENSDARG00000005359","SUCLA2","GO:0016874","ligase activity"
"ENSDARG00000005359","SUCLA2","GO:0000287","magnesium ion binding"
"ENSDARG00000005359","SUCLA2","GO:0006099","tricarboxylic acid cycle"
"ENSDARG00000005359","SUCLA2","GO:0004775","succinate-CoA ligase (ADP-forming) activity"
"ENSDARG00000005359","SUCLA2","GO:0006104","succinyl-CoA metabolic process"
"ENSDARG00000005359","SUCLA2","GO:0042709","succinate-CoA ligase complex"
"ENSDARG00000057910","MRPS34","GO:0005739","mitochondrion"
"ENSDARG00000057910","MRPS34","GO:0003735","structural constituent of ribosome"
"ENSDARG00000103799","KARS1","GO:0005737","cytoplasm"
"ENSDARG00000103799","KARS1","GO:0005524","ATP binding"
"ENSDARG00000103799","KARS1","GO:0003676","nucleic acid binding"
"ENSDARG00000103799","KARS1","GO:0005739","mitochondrion"
"ENSDARG00000103799","KARS1","GO:0004812","aminoacyl-tRNA ligase activity"
"ENSDARG00000103799","KARS1","GO:0000049","tRNA binding"
"ENSDARG00000103799","KARS1","GO:0003877","ATP:ADP adenylyltransferase activity"
"ENSDARG00000103799","KARS1","GO:0004824","lysine-tRNA ligase activity"
"ENSDARG00000103799","KARS1","GO:0002276","basophil activation involved in immune response"
"ENSDARG00000103799","KARS1","GO:0006430","lysyl-tRNA aminoacylation"
"ENSDARG00000103799","KARS1","GO:0015966","diadenosine tetraphosphate biosynthetic process"
"ENSDARG00000103799","KARS1","GO:0043032","positive regulation of macrophage activation"
"ENSDARG00000103799","KARS1","GO:0017101","aminoacyl-tRNA synthetase multienzyme complex"
"ENSDARG00000103799","KARS1","GO:0000166","nucleotide binding"
"ENSDARG00000103799","KARS1","GO:0006418","tRNA aminoacylation for protein translation"
"ENSDARG00000023648","IDH3G","GO:0005739","mitochondrion"
"ENSDARG00000023648","IDH3G","GO:0051287","NAD binding"
"ENSDARG00000023648","IDH3G","GO:0000287","magnesium ion binding"
"ENSDARG00000023648","IDH3G","GO:0016616","oxidoreductase activity, acting on the CH-OH group of donors, NAD or NADP as acceptor"
"ENSDARG00000023648","IDH3G","GO:0006099","tricarboxylic acid cycle"
"ENSDARG00000023648","IDH3G","GO:0006102","isocitrate metabolic process"
"ENSDARG00000022832","bnip4","GO:0016020","membrane"
"ENSDARG00000022832","bnip4","GO:0005634","nucleus"
"ENSDARG00000022832","bnip4","GO:0005739","mitochondrion"
"ENSDARG00000022832","bnip4","GO:0031966","mitochondrial membrane"
"ENSDARG00000022832","bnip4","GO:0006915","apoptotic process"
"ENSDARG00000022832","bnip4","GO:0005783","endoplasmic reticulum"
"ENSDARG00000022832","bnip4","GO:0003674","molecular_function"
"ENSDARG00000022832","bnip4","GO:0005635","nuclear envelope"
"ENSDARG00000022832","bnip4","GO:0005741","mitochondrial outer membrane"
"ENSDARG00000022832","bnip4","GO:0043065","positive regulation of apoptotic process"
"ENSDARG00000022832","bnip4","GO:0005740","mitochondrial envelope"
"ENSDARG00000022832","bnip4","GO:0097345","mitochondrial outer membrane permeabilization"
"ENSDARG00000022832","bnip4","GO:0042802","identical protein binding"
"ENSDARG00000022832","bnip4","GO:0043068","positive regulation of programmed cell death"
"ENSDARG00000018944","HOGA1","GO:0005739","mitochondrion"
"ENSDARG00000018944","HOGA1","GO:0016829","lyase activity"
"ENSDARG00000018944","HOGA1","GO:0008700","4-hydroxy-2-oxoglutarate aldolase activity"
"ENSDARG00000018944","HOGA1","GO:0009436","glyoxylate catabolic process"
"ENSDARG00000018944","HOGA1","GO:0044281","small molecule metabolic process"
"ENSDARG00000018944","HOGA1","GO:0106009","(4S)-4-hydroxy-2-oxoglutarate aldolase activity"
"ENSDARG00000011841","ATP5MG","GO:0016020","membrane"
"ENSDARG00000011841","ATP5MG","GO:0005739","mitochondrion"
"ENSDARG00000011841","ATP5MG","GO:0015078","proton transmembrane transporter activity"
"ENSDARG00000011841","ATP5MG","GO:0015986","proton motive force-driven ATP synthesis"
"ENSDARG00000011841","ATP5MG","GO:0031966","mitochondrial membrane"
"ENSDARG00000011841","ATP5MG","GO:0046933","proton-transporting ATP synthase activity, rotational mechanism"
"ENSDARG00000011841","ATP5MG","GO:0006754","ATP biosynthetic process"
"ENSDARG00000011841","ATP5MG","GO:1902600","proton transmembrane transport"
"ENSDARG00000011841","ATP5MG","GO:0045259","proton-transporting ATP synthase complex"
"ENSDARG00000086746","prodha","GO:0016491","oxidoreductase activity"
"ENSDARG00000086746","prodha","GO:0005739","mitochondrion"
"ENSDARG00000086746","prodha","GO:0006560","proline metabolic process"
"ENSDARG00000086746","prodha","GO:0071949","FAD binding"
"ENSDARG00000086746","prodha","GO:0004657","proline dehydrogenase activity"
"ENSDARG00000086746","prodha","GO:0006562","proline catabolic process"
"ENSDARG00000086746","prodha","GO:0010133","proline catabolic process to glutamate"
"ENSDARG00000062054","cpt1ab","GO:0016020","membrane"
"ENSDARG00000062054","cpt1ab","GO:0005739","mitochondrion"
"ENSDARG00000062054","cpt1ab","GO:0016746","acyltransferase activity"
"ENSDARG00000062054","cpt1ab","GO:0006631","fatty acid metabolic process"
"ENSDARG00000062054","cpt1ab","GO:0001945","lymph vessel development"
"ENSDARG00000062054","cpt1ab","GO:0004095","carnitine O-palmitoyltransferase activity"
"ENSDARG00000062054","cpt1ab","GO:0009437","carnitine metabolic process"
"ENSDARG00000062054","cpt1ab","GO:0031998","regulation of fatty acid beta-oxidation"
"ENSDARG00000062054","cpt1ab","GO:0006635","fatty acid beta-oxidation"
"ENSDARG00000078113","atp5mea","GO:0045259","proton-transporting ATP synthase complex"
"ENSDARG00000078113","atp5mea","GO:0005739","mitochondrion"
"ENSDARG00000078113","atp5mea","GO:0005743","mitochondrial inner membrane"
"ENSDARG00000078113","atp5mea","GO:0015078","proton transmembrane transporter activity"
"ENSDARG00000078113","atp5mea","GO:0015986","proton motive force-driven ATP synthesis"
"ENSDARG00000078113","atp5mea","GO:0006754","ATP biosynthetic process"
"ENSDARG00000078113","atp5mea","GO:1902600","proton transmembrane transport"
"ENSDARG00000002305","ME3","GO:0046872","metal ion binding"
"ENSDARG00000002305","ME3","GO:0016491","oxidoreductase activity"
"ENSDARG00000002305","ME3","GO:0005739","mitochondrion"
"ENSDARG00000002305","ME3","GO:0004470","malic enzyme activity"
"ENSDARG00000002305","ME3","GO:0051287","NAD binding"
"ENSDARG00000002305","ME3","GO:0016616","oxidoreductase activity, acting on the CH-OH group of donors, NAD or NADP as acceptor"
"ENSDARG00000002305","ME3","GO:0006090","pyruvate metabolic process"
"ENSDARG00000002305","ME3","GO:0004473","malate dehydrogenase (decarboxylating) (NADP+) activity"
"ENSDARG00000002305","ME3","GO:0006108","malate metabolic process"
"ENSDARG00000040031","tardbpb","GO:0003677","DNA binding"
"ENSDARG00000040031","tardbpb","GO:0005634","nucleus"
"ENSDARG00000040031","tardbpb","GO:0005654","nucleoplasm"
"ENSDARG00000040031","tardbpb","GO:0003723","RNA binding"
"ENSDARG00000040031","tardbpb","GO:0005739","mitochondrion"
"ENSDARG00000040031","tardbpb","GO:0010468","regulation of gene expression"
"ENSDARG00000040031","tardbpb","GO:0007626","locomotory behavior"
"ENSDARG00000040031","tardbpb","GO:0048514","blood vessel morphogenesis"
"ENSDARG00000040031","tardbpb","GO:0007409","axonogenesis"
"ENSDARG00000040031","tardbpb","GO:0007519","skeletal muscle tissue development"
"ENSDARG00000040031","tardbpb","GO:0048675","axon extension"
"ENSDARG00000040031","tardbpb","GO:0000785","chromatin"
"ENSDARG00000040031","tardbpb","GO:0006397","mRNA processing"
"ENSDARG00000040031","tardbpb","GO:0008380","RNA splicing"
"ENSDARG00000040031","tardbpb","GO:0043484","regulation of RNA splicing"
"ENSDARG00000040031","tardbpb","GO:0007528","neuromuscular junction development"
"ENSDARG00000040031","tardbpb","GO:0003676","nucleic acid binding"
"ENSDARG00000101110","LYRM4","GO:1990221","L-cysteine desulfurase complex"
"ENSDARG00000101110","LYRM4","GO:0005739","mitochondrion"
"ENSDARG00000101110","LYRM4","GO:0016226","iron-sulfur cluster assembly"
"ENSDARG00000094277","MRPL44","GO:0005634","nucleus"
"ENSDARG00000094277","MRPL44","GO:0003723","RNA binding"
"ENSDARG00000094277","MRPL44","GO:0005739","mitochondrion"
"ENSDARG00000094277","MRPL44","GO:0006396","RNA processing"
"ENSDARG00000094277","MRPL44","GO:0005840","ribosome"
"ENSDARG00000094277","MRPL44","GO:1990904","ribonucleoprotein complex"
"ENSDARG00000094277","MRPL44","GO:0003725","double-stranded RNA binding"
"ENSDARG00000094277","MRPL44","GO:0004525","ribonuclease III activity"
"ENSDARG00000094277","MRPL44","GO:0005762","mitochondrial large ribosomal subunit"
"ENSDARG00000094277","MRPL44","GO:0070125","mitochondrial translational elongation"
"ENSDARG00000062370","bcl2l13","GO:0016020","membrane"
"ENSDARG00000062370","bcl2l13","GO:0005739","mitochondrion"
"ENSDARG00000062370","bcl2l13","GO:0006915","apoptotic process"
"ENSDARG00000062370","bcl2l13","GO:0042981","regulation of apoptotic process"
"ENSDARG00000053753","mffa","GO:0006626","protein targeting to mitochondrion"
"ENSDARG00000053753","mffa","GO:0005737","cytoplasm"
"ENSDARG00000053753","mffa","GO:0005739","mitochondrion"
"ENSDARG00000053753","mffa","GO:0005777","peroxisome"
"ENSDARG00000053753","mffa","GO:0005741","mitochondrial outer membrane"
"ENSDARG00000053753","mffa","GO:0042803","protein homodimerization activity"
"ENSDARG00000053753","mffa","GO:0000266","mitochondrial fission"
"ENSDARG00000053753","mffa","GO:0043231","intracellular membrane-bounded organelle"
"ENSDARG00000053753","mffa","GO:0090141","positive regulation of mitochondrial fission"
"ENSDARG00000036092","SDHAF3","GO:0034553","mitochondrial respiratory chain complex II assembly"
"ENSDARG00000036092","SDHAF3","GO:0005739","mitochondrion"
"ENSDARG00000036092","SDHAF3","GO:0005759","mitochondrial matrix"
"ENSDARG00000010113","NDUFB8","GO:0006120","mitochondrial electron transport, NADH to ubiquinone"
"ENSDARG00000010113","NDUFB8","GO:0005739","mitochondrion"
"ENSDARG00000097465","trmt61b","GO:0160107","tRNA (adenine(58)-N1)-methyltransferase activity"
"ENSDARG00000097465","trmt61b","GO:0005739","mitochondrion"
"ENSDARG00000097465","trmt61b","GO:0008168","methyltransferase activity"
"ENSDARG00000097465","trmt61b","GO:0032259","methylation"
"ENSDARG00000097465","trmt61b","GO:0030488","tRNA methylation"
"ENSDARG00000097465","trmt61b","GO:0008033","tRNA processing"
"ENSDARG00000097465","trmt61b","GO:0031515","tRNA (m1A) methyltransferase complex"
"ENSDARG00000035985","FAM210A","GO:0016020","membrane"
"ENSDARG00000035985","FAM210A","GO:0005739","mitochondrion"
"ENSDARG00000036499","zgc:162171","GO:0016020","membrane"
"ENSDARG00000036499","zgc:162171","GO:0003924","GTPase activity"
"ENSDARG00000036499","zgc:162171","GO:0005525","GTP binding"
"ENSDARG00000036499","zgc:162171","GO:0005737","cytoplasm"
"ENSDARG00000036499","zgc:162171","GO:0006886","intracellular protein transport"
"ENSDARG00000036499","zgc:162171","GO:0016192","vesicle-mediated transport"
"ENSDARG00000036499","zgc:162171","GO:0012505","endomembrane system"
"ENSDARG00000036499","zgc:162171","GO:0005739","mitochondrion"
"ENSDARG00000036499","zgc:162171","GO:0005802","trans-Golgi network"
"ENSDARG00000036499","zgc:162171","GO:0005794","Golgi apparatus"
"ENSDARG00000036499","zgc:162171","GO:0042470","melanosome"
"ENSDARG00000036499","zgc:162171","GO:0043231","intracellular membrane-bounded organelle"
"ENSDARG00000036499","zgc:162171","GO:0032438","melanosome organization"
"ENSDARG00000036499","zgc:162171","GO:0031982","vesicle"
"ENSDARG00000099791","PDK3","GO:0004672","protein kinase activity"
"ENSDARG00000099791","PDK3","GO:0005524","ATP binding"
"ENSDARG00000099791","PDK3","GO:0016301","kinase activity"
"ENSDARG00000099791","PDK3","GO:0005739","mitochondrion"
"ENSDARG00000099791","PDK3","GO:0005759","mitochondrial matrix"
"ENSDARG00000099791","PDK3","GO:0004740","pyruvate dehydrogenase (acetyl-transferring) kinase activity"
"ENSDARG00000099791","PDK3","GO:0010906","regulation of glucose metabolic process"
"ENSDARG00000099791","PDK3","GO:0010510","regulation of acetyl-CoA biosynthetic process from pyruvate"
"ENSDARG00000044142","ACSS1","GO:0005575","cellular_component"
"ENSDARG00000044142","ACSS1","GO:0005524","ATP binding"
"ENSDARG00000044142","ACSS1","GO:0006629","lipid metabolic process"
"ENSDARG00000044142","ACSS1","GO:0005739","mitochondrion"
"ENSDARG00000044142","ACSS1","GO:0016874","ligase activity"
"ENSDARG00000044142","ACSS1","GO:0003987","acetate-CoA ligase activity"
"ENSDARG00000044142","ACSS1","GO:0016208","AMP binding"
"ENSDARG00000044142","ACSS1","GO:0019427","acetyl-CoA biosynthetic process from acetate"
"ENSDARG00000044142","ACSS1","GO:0006085","acetyl-CoA biosynthetic process"
"ENSDARG00000044142","ACSS1","GO:0050218","propionate-CoA ligase activity"
"ENSDARG00000044142","ACSS1","GO:0016405","CoA-ligase activity"
"ENSDARG00000044142","ACSS1","GO:0016878","acid-thiol ligase activity"
"ENSDARG00000092873","atp5mj","GO:0016020","membrane"
"ENSDARG00000092873","atp5mj","GO:0008150","biological_process"
"ENSDARG00000092873","atp5mj","GO:0003674","molecular_function"
"ENSDARG00000092873","atp5mj","GO:0005739","mitochondrion"
"ENSDARG00000015915","slc25a36b","GO:0015218","pyrimidine nucleotide transmembrane transporter activity"
"ENSDARG00000015915","slc25a36b","GO:0016020","membrane"
"ENSDARG00000015915","slc25a36b","GO:0055085","transmembrane transport"
"ENSDARG00000015915","slc25a36b","GO:0005739","mitochondrion"
"ENSDARG00000015915","slc25a36b","GO:0005743","mitochondrial inner membrane"
"ENSDARG00000015915","slc25a36b","GO:1990519","pyrimidine nucleotide import into mitochondrion"
"ENSDARG00000015915","slc25a36b","GO:0000002","mitochondrial genome maintenance"
"ENSDARG00000015915","slc25a36b","GO:0006862","nucleotide transport"
"ENSDARG00000098017","pet100","GO:0033617","mitochondrial cytochrome c oxidase assembly"
"ENSDARG00000098017","pet100","GO:0005739","mitochondrion"
"ENSDARG00000038577","cox6c","GO:0005739","mitochondrion"
"ENSDARG00000038577","cox6c","GO:0005743","mitochondrial inner membrane"
"ENSDARG00000038577","cox6c","GO:0006119","oxidative phosphorylation"
"ENSDARG00000038577","cox6c","GO:1902600","proton transmembrane transport"
"ENSDARG00000038577","cox6c","GO:0004129","cytochrome-c oxidase activity"
"ENSDARG00000038577","cox6c","GO:0006123","mitochondrial electron transport, cytochrome c to oxygen"
"ENSDARG00000038577","cox6c","GO:0045277","respiratory chain complex IV"
"ENSDARG00000075709","ndufb3","GO:0045271","respiratory chain complex I"
"ENSDARG00000075709","ndufb3","GO:0005739","mitochondrion"
"ENSDARG00000075709","ndufb3","GO:0005743","mitochondrial inner membrane"
"ENSDARG00000075709","ndufb3","GO:0022900","electron transport chain"
"ENSDARG00000075709","ndufb3","GO:0032981","mitochondrial respiratory chain complex I assembly"
"ENSDARG00000116680","zgc:56235","GO:0006811","monoatomic ion transport"
"ENSDARG00000116680","zgc:56235","GO:0005739","mitochondrion"
"ENSDARG00000116680","zgc:56235","GO:0005741","mitochondrial outer membrane"
"ENSDARG00000116680","zgc:56235","GO:0008308","voltage-gated monoatomic anion channel activity"
"ENSDARG00000116680","zgc:56235","GO:0098656","monoatomic anion transmembrane transport"
"ENSDARG00000116680","zgc:56235","GO:0055085","transmembrane transport"
"ENSDARG00000116680","zgc:56235","GO:0015288","porin activity"
"ENSDARG00000116680","zgc:56235","GO:0046930","pore complex"
"ENSDARG00000045297","PHB2","GO:0016020","membrane"
"ENSDARG00000045297","PHB2","GO:0005739","mitochondrion"
"ENSDARG00000045297","PHB2","GO:0005743","mitochondrial inner membrane"
"ENSDARG00000045297","PHB2","GO:0007005","mitochondrion organization"
"ENSDARG00000042014","cyp11c1","GO:0046872","metal ion binding"
"ENSDARG00000042014","cyp11c1","GO:0006629","lipid metabolic process"
"ENSDARG00000042014","cyp11c1","GO:0005739","mitochondrion"
"ENSDARG00000042014","cyp11c1","GO:0031966","mitochondrial membrane"
"ENSDARG00000042014","cyp11c1","GO:0020037","heme binding"
"ENSDARG00000042014","cyp11c1","GO:0005506","iron ion binding"
"ENSDARG00000042014","cyp11c1","GO:0006694","steroid biosynthetic process"
"ENSDARG00000042014","cyp11c1","GO:0016705","oxidoreductase activity, acting on paired donors, with incorporation or reduction of molecular oxygen"
"ENSDARG00000042014","cyp11c1","GO:0004497","monooxygenase activity"
"ENSDARG00000042014","cyp11c1","GO:0008584","male gonad development"
"ENSDARG00000042014","cyp11c1","GO:0034650","cortisol metabolic process"
"ENSDARG00000042014","cyp11c1","GO:0007617","mating behavior"
"ENSDARG00000062915","POLR3B","GO:1905079","regulation of cerebellar neuron development"
"ENSDARG00000062915","POLR3B","GO:0003677","DNA binding"
"ENSDARG00000062915","POLR3B","GO:0031017","exocrine pancreas development"
"ENSDARG00000062915","POLR3B","GO:0003899","DNA-directed 5'-3' RNA polymerase activity"
"ENSDARG00000062915","POLR3B","GO:0032549","ribonucleoside binding"
"ENSDARG00000062915","POLR3B","GO:0006351","DNA-templated transcription"
"ENSDARG00000062915","POLR3B","GO:0008270","zinc ion binding"
"ENSDARG00000062915","POLR3B","GO:0016779","nucleotidyltransferase activity"
"ENSDARG00000062915","POLR3B","GO:0006360","transcription by RNA polymerase I"
"ENSDARG00000062915","POLR3B","GO:0005666","RNA polymerase III complex"
"ENSDARG00000062915","POLR3B","GO:0048565","digestive tract development"
"ENSDARG00000062915","POLR3B","GO:0006383","transcription by RNA polymerase III"
"ENSDARG00000062915","POLR3B","GO:0005739","mitochondrion"
"ENSDARG00000062915","POLR3B","GO:0009304","tRNA transcription"
"ENSDARG00000062915","POLR3B","GO:0000428","DNA-directed RNA polymerase complex"
"ENSDARG00000062915","POLR3B","GO:0006366","transcription by RNA polymerase II"
"ENSDARG00000062915","POLR3B","GO:0001054","RNA polymerase I activity"
"ENSDARG00000062915","POLR3B","GO:0001059","transcription by RNA polymerase IV"
"ENSDARG00000062915","POLR3B","GO:0001060","transcription by RNA polymerase V"
"ENSDARG00000062915","POLR3B","GO:0006390","mitochondrial transcription"
"ENSDARG00000062915","POLR3B","GO:0042793","plastid transcription"
"ENSDARG00000087456","NDUFB1","GO:0005739","mitochondrion"
"ENSDARG00000045978","chchd6b","GO:0061617","MICOS complex"
"ENSDARG00000045978","chchd6b","GO:0005739","mitochondrion"
"ENSDARG00000114549","FIS1","GO:0005739","mitochondrion"
"ENSDARG00000114549","FIS1","GO:0003674","molecular_function"
"ENSDARG00000114549","FIS1","GO:0060090","molecular adaptor activity"
"ENSDARG00000114549","FIS1","GO:0008289","lipid binding"
"ENSDARG00000114549","FIS1","GO:0000266","mitochondrial fission"
"ENSDARG00000114549","FIS1","GO:0005778","peroxisomal membrane"
"ENSDARG00000114549","FIS1","GO:0005741","mitochondrial outer membrane"
"ENSDARG00000114549","FIS1","GO:0016559","peroxisome fission"
"ENSDARG00000114549","FIS1","GO:0055088","lipid homeostasis"
"ENSDARG00000114549","FIS1","GO:0005515","protein binding"
"ENSDARG00000043371","MDH2","GO:0005737","cytoplasm"
"ENSDARG00000043371","MDH2","GO:0016491","oxidoreductase activity"
"ENSDARG00000043371","MDH2","GO:0005739","mitochondrion"
"ENSDARG00000043371","MDH2","GO:0006099","tricarboxylic acid cycle"
"ENSDARG00000043371","MDH2","GO:0030060","L-malate dehydrogenase activity"
"ENSDARG00000043371","MDH2","GO:0006108","malate metabolic process"
"ENSDARG00000043371","MDH2","GO:0019752","carboxylic acid metabolic process"
"ENSDARG00000043371","MDH2","GO:0016616","oxidoreductase activity, acting on the CH-OH group of donors, NAD or NADP as acceptor"
"ENSDARG00000043371","MDH2","GO:0016615","malate dehydrogenase activity"
"ENSDARG00000043371","MDH2","GO:0003824","catalytic activity"
"ENSDARG00000102568","si:ch73-106k19.2","GO:0047961","glycine N-acyltransferase activity"
"ENSDARG00000102568","si:ch73-106k19.2","GO:0016747","acyltransferase activity, transferring groups other than amino-acyl groups"
"ENSDARG00000102568","si:ch73-106k19.2","GO:0005739","mitochondrion"
"ENSDARG00000025468","BNIP3L","GO:0016020","membrane"
"ENSDARG00000025468","BNIP3L","GO:0005634","nucleus"
"ENSDARG00000025468","BNIP3L","GO:0005739","mitochondrion"
"ENSDARG00000025468","BNIP3L","GO:0031966","mitochondrial membrane"
"ENSDARG00000025468","BNIP3L","GO:0006915","apoptotic process"
"ENSDARG00000025468","BNIP3L","GO:0005783","endoplasmic reticulum"
"ENSDARG00000025468","BNIP3L","GO:0051607","defense response to virus"
"ENSDARG00000025468","BNIP3L","GO:0005635","nuclear envelope"
"ENSDARG00000025468","BNIP3L","GO:0005741","mitochondrial outer membrane"
"ENSDARG00000025468","BNIP3L","GO:0043065","positive regulation of apoptotic process"
"ENSDARG00000025468","BNIP3L","GO:0005740","mitochondrial envelope"
"ENSDARG00000025468","BNIP3L","GO:0043067","regulation of programmed cell death"
"ENSDARG00000025468","BNIP3L","GO:0097345","mitochondrial outer membrane permeabilization"
"ENSDARG00000025468","BNIP3L","GO:0042802","identical protein binding"
"ENSDARG00000104696","APOO","GO:0005739","mitochondrion"
"ENSDARG00000104696","APOO","GO:0005743","mitochondrial inner membrane"
"ENSDARG00000104696","APOO","GO:0003674","molecular_function"
"ENSDARG00000104696","APOO","GO:0061617","MICOS complex"
"ENSDARG00000104696","APOO","GO:0042407","cristae formation"
"ENSDARG00000100374","TXNRD3","GO:0005737","cytoplasm"
"ENSDARG00000100374","TXNRD3","GO:0005829","cytosol"
"ENSDARG00000100374","TXNRD3","GO:0000166","nucleotide binding"
"ENSDARG00000100374","TXNRD3","GO:0016491","oxidoreductase activity"
"ENSDARG00000100374","TXNRD3","GO:0005739","mitochondrion"
"ENSDARG00000100374","TXNRD3","GO:0098869","cellular oxidant detoxification"
"ENSDARG00000100374","TXNRD3","GO:0050660","flavin adenine dinucleotide binding"
"ENSDARG00000100374","TXNRD3","GO:0045454","cell redox homeostasis"
"ENSDARG00000100374","TXNRD3","GO:0004791","thioredoxin-disulfide reductase (NADPH) activity"
"ENSDARG00000100374","TXNRD3","GO:0006979","response to oxidative stress"
"ENSDARG00000100374","TXNRD3","GO:0016668","oxidoreductase activity, acting on a sulfur group of donors, NAD(P) as acceptor"
"ENSDARG00000021984","NDUFA2","GO:0045271","respiratory chain complex I"
"ENSDARG00000021984","NDUFA2","GO:0005739","mitochondrion"
"ENSDARG00000021984","NDUFA2","GO:0005743","mitochondrial inner membrane"
"ENSDARG00000098855","OXSM","GO:0004315","3-oxoacyl-[acyl-carrier-protein] synthase activity"
"ENSDARG00000098855","OXSM","GO:0016747","acyltransferase activity, transferring groups other than amino-acyl groups"
"ENSDARG00000098855","OXSM","GO:0005739","mitochondrion"
"ENSDARG00000098855","OXSM","GO:0016746","acyltransferase activity"
"ENSDARG00000098855","OXSM","GO:0006633","fatty acid biosynthetic process"
"ENSDARG00000069615","CKMT2","GO:0005524","ATP binding"
"ENSDARG00000069615","CKMT2","GO:0016301","kinase activity"
"ENSDARG00000069615","CKMT2","GO:0005739","mitochondrion"
"ENSDARG00000069615","CKMT2","GO:0005743","mitochondrial inner membrane"
"ENSDARG00000069615","CKMT2","GO:0004111","creatine kinase activity"
"ENSDARG00000069615","CKMT2","GO:0046314","phosphocreatine biosynthetic process"
"ENSDARG00000069615","CKMT2","GO:0016772","transferase activity, transferring phosphorus-containing groups"
"ENSDARG00000069615","CKMT2","GO:0003824","catalytic activity"
"ENSDARG00000060489","MRPL32","GO:0005737","cytoplasm"
"ENSDARG00000060489","MRPL32","GO:0005739","mitochondrion"
"ENSDARG00000060489","MRPL32","GO:0003735","structural constituent of ribosome"
"ENSDARG00000060489","MRPL32","GO:0006412","translation"
"ENSDARG00000060489","MRPL32","GO:0005840","ribosome"
"ENSDARG00000060489","MRPL32","GO:1990904","ribonucleoprotein complex"
"ENSDARG00000060489","MRPL32","GO:0005762","mitochondrial large ribosomal subunit"
"ENSDARG00000060489","MRPL32","GO:0015934","large ribosomal subunit"
"ENSDARG00000014506","TMEM126A","GO:0016020","membrane"
"ENSDARG00000014506","TMEM126A","GO:0005739","mitochondrion"
"ENSDARG00000014506","TMEM126A","GO:0031966","mitochondrial membrane"
"ENSDARG00000014506","TMEM126A","GO:0003674","molecular_function"
"ENSDARG00000014506","TMEM126A","GO:0032981","mitochondrial respiratory chain complex I assembly"
"ENSDARG00000054172","PGRMC1","GO:0012505","endomembrane system"
"ENSDARG00000054172","PGRMC1","GO:0016020","membrane"
"ENSDARG00000054172","PGRMC1","GO:0005739","mitochondrion"
"ENSDARG00000054172","PGRMC1","GO:0005576","extracellular region"
"ENSDARG00000054172","PGRMC1","GO:0005783","endoplasmic reticulum"
"ENSDARG00000054172","PGRMC1","GO:0005789","endoplasmic reticulum membrane"
"ENSDARG00000054172","PGRMC1","GO:0005741","mitochondrial outer membrane"
"ENSDARG00000054172","PGRMC1","GO:0001556","oocyte maturation"
"ENSDARG00000054172","PGRMC1","GO:0005496","steroid binding"
"ENSDARG00000054172","PGRMC1","GO:0001541","ovarian follicle development"
"ENSDARG00000054172","PGRMC1","GO:0030728","ovulation"
"ENSDARG00000054172","PGRMC1","GO:0032570","response to progesterone"
"ENSDARG00000054172","PGRMC1","GO:1903538","regulation of meiotic cell cycle process involved in oocyte maturation"
"ENSDARG00000054172","PGRMC1","GO:0036438","maintenance of lens transparency"
"ENSDARG00000038226","","GO:0015485","cholesterol binding"
"ENSDARG00000038226","","GO:0120020","cholesterol transfer activity"
"ENSDARG00000038226","","GO:0006694","steroid biosynthetic process"
"ENSDARG00000038226","","GO:0005739","mitochondrion"
"ENSDARG00000038226","","GO:0008289","lipid binding"
"ENSDARG00000067564","zgc:153044","GO:0005634","nucleus"
"ENSDARG00000067564","zgc:153044","GO:0005737","cytoplasm"
"ENSDARG00000067564","zgc:153044","GO:0005739","mitochondrion"
"ENSDARG00000067564","zgc:153044","GO:0005743","mitochondrial inner membrane"
"ENSDARG00000067564","zgc:153044","GO:0004721","phosphoprotein phosphatase activity"
"ENSDARG00000067564","zgc:153044","GO:0006357","regulation of transcription by RNA polymerase II"
"ENSDARG00000067564","zgc:153044","GO:0017017","MAP kinase tyrosine/serine/threonine phosphatase activity"
"ENSDARG00000067564","zgc:153044","GO:0016311","dephosphorylation"
"ENSDARG00000067564","zgc:153044","GO:0006470","protein dephosphorylation"
"ENSDARG00000067564","zgc:153044","GO:0006338","chromatin remodeling"
"ENSDARG00000067564","zgc:153044","GO:0017018","myosin phosphatase activity"
"ENSDARG00000067564","zgc:153044","GO:0033192","calmodulin-dependent protein phosphatase activity"
"ENSDARG00000067564","zgc:153044","GO:0140791","histone H2AXS140 phosphatase activity"
"ENSDARG00000067564","zgc:153044","GO:0180004","RNA polymerase II CTD heptapeptide repeat Y1 phosphatase activity"
"ENSDARG00000067564","zgc:153044","GO:0180005","RNA polymerase II CTD heptapeptide repeat T4 phosphatase activity"
"ENSDARG00000067564","zgc:153044","GO:0180006","RNA polymerase II CTD heptapeptide repeat S2 phosphatase activity"
"ENSDARG00000067564","zgc:153044","GO:0180007","RNA polymerase II CTD heptapeptide repeat S5 phosphatase activity"
"ENSDARG00000067564","zgc:153044","GO:0180008","RNA polymerase II CTD heptapeptide repeat S7 phosphatase activity"
"ENSDARG00000067564","zgc:153044","GO:1990439","MAP kinase serine/threonine phosphatase activity"
"ENSDARG00000067564","zgc:153044","GO:0004726","non-membrane spanning protein tyrosine phosphatase activity"
"ENSDARG00000067564","zgc:153044","GO:0030946","protein tyrosine phosphatase activity, metal-dependent"
"ENSDARG00000067564","zgc:153044","GO:0140793","histone H2AXY142 phosphatase activity"
"ENSDARG00000057128","hadhaa","GO:0003857","3-hydroxyacyl-CoA dehydrogenase activity"
"ENSDARG00000057128","hadhaa","GO:0016491","oxidoreductase activity"
"ENSDARG00000057128","hadhaa","GO:0016829","lyase activity"
"ENSDARG00000057128","hadhaa","GO:0006635","fatty acid beta-oxidation"
"ENSDARG00000057128","hadhaa","GO:0009617","response to bacterium"
"ENSDARG00000057128","hadhaa","GO:0006631","fatty acid metabolic process"
"ENSDARG00000057128","hadhaa","GO:0005739","mitochondrion"
"ENSDARG00000057128","hadhaa","GO:0070403","NAD+ binding"
"ENSDARG00000057128","hadhaa","GO:0004300","enoyl-CoA hydratase activity"
"ENSDARG00000057128","hadhaa","GO:0016509","long-chain-3-hydroxyacyl-CoA dehydrogenase activity"
"ENSDARG00000057128","hadhaa","GO:0016507","mitochondrial fatty acid beta-oxidation multienzyme complex"
"ENSDARG00000057128","hadhaa","GO:0016616","oxidoreductase activity, acting on the CH-OH group of donors, NAD or NADP as acceptor"
"ENSDARG00000057128","hadhaa","GO:0003824","catalytic activity"
"ENSDARG00000100585","COA3","GO:0033617","mitochondrial cytochrome c oxidase assembly"
"ENSDARG00000100585","COA3","GO:0005739","mitochondrion"
"ENSDARG00000100585","COA3","GO:0005743","mitochondrial inner membrane"
"ENSDARG00000100585","COA3","GO:0031966","mitochondrial membrane"
"ENSDARG00000110700","COX7A2","GO:0098803","respiratory chain complex"
"ENSDARG00000110700","COX7A2","GO:0005739","mitochondrion"
"ENSDARG00000110700","COX7A2","GO:0005743","mitochondrial inner membrane"
"ENSDARG00000110700","COX7A2","GO:0097250","mitochondrial respirasome assembly"
"ENSDARG00000110700","COX7A2","GO:0045277","respiratory chain complex IV"
"ENSDARG00000110700","COX7A2","GO:0006123","mitochondrial electron transport, cytochrome c to oxygen"
"ENSDARG00000091413","TIMM22","GO:0005739","mitochondrion"
"ENSDARG00000091413","TIMM22","GO:0005743","mitochondrial inner membrane"
"ENSDARG00000091413","TIMM22","GO:0015031","protein transport"
"ENSDARG00000091413","TIMM22","GO:0008320","protein transmembrane transporter activity"
"ENSDARG00000091413","TIMM22","GO:0071806","protein transmembrane transport"
"ENSDARG00000091413","TIMM22","GO:0030943","mitochondrion targeting sequence binding"
"ENSDARG00000091413","TIMM22","GO:0045039","protein insertion into mitochondrial inner membrane"
"ENSDARG00000091413","TIMM22","GO:0042721","TIM22 mitochondrial import inner membrane insertion complex"
"ENSDARG00000027984","GSTZ1","GO:0003824","catalytic activity"
"ENSDARG00000027984","GSTZ1","GO:0005739","mitochondrion"
"ENSDARG00000027984","GSTZ1","GO:0016853","isomerase activity"
"ENSDARG00000027984","GSTZ1","GO:0005737","cytoplasm"
"ENSDARG00000027984","GSTZ1","GO:0004364","glutathione transferase activity"
"ENSDARG00000027984","GSTZ1","GO:0006749","glutathione metabolic process"
"ENSDARG00000027984","GSTZ1","GO:0006559","L-phenylalanine catabolic process"
"ENSDARG00000027984","GSTZ1","GO:0006572","tyrosine catabolic process"
"ENSDARG00000027984","GSTZ1","GO:0009072","aromatic amino acid metabolic process"
"ENSDARG00000027984","GSTZ1","GO:0016034","maleylacetoacetate isomerase activity"
"ENSDARG00000035391","PTCD2","GO:0050684","regulation of mRNA processing"
"ENSDARG00000035391","PTCD2","GO:0005739","mitochondrion"
"ENSDARG00000035391","PTCD2","GO:0005515","protein binding"
"ENSDARG00000098355","ATP5PD","GO:0005739","mitochondrion"
"ENSDARG00000098355","ATP5PD","GO:0005743","mitochondrial inner membrane"
"ENSDARG00000098355","ATP5PD","GO:0015078","proton transmembrane transporter activity"
"ENSDARG00000098355","ATP5PD","GO:0015986","proton motive force-driven ATP synthesis"
"ENSDARG00000098355","ATP5PD","GO:0046933","proton-transporting ATP synthase activity, rotational mechanism"
"ENSDARG00000098355","ATP5PD","GO:1902600","proton transmembrane transport"
"ENSDARG00000098355","ATP5PD","GO:0045263","proton-transporting ATP synthase complex, coupling factor F(o)"
"ENSDARG00000098355","ATP5PD","GO:0045259","proton-transporting ATP synthase complex"
"ENSDARG00000112318","slc25a4","GO:0016020","membrane"
"ENSDARG00000112318","slc25a4","GO:0005739","mitochondrion"
"ENSDARG00000112318","slc25a4","GO:0005743","mitochondrial inner membrane"
"ENSDARG00000112318","slc25a4","GO:0015297","antiporter activity"
"ENSDARG00000112318","slc25a4","GO:1990544","mitochondrial ATP transmembrane transport"
"ENSDARG00000112318","slc25a4","GO:0140021","mitochondrial ADP transmembrane transport"
"ENSDARG00000112318","slc25a4","GO:0005471","ATP:ADP antiporter activity"
"ENSDARG00000112318","slc25a4","GO:1901029","negative regulation of mitochondrial outer membrane permeabilization involved in apoptotic signaling pathway"
"ENSDARG00000110212","mgst1.2","GO:0016740","transferase activity"
"ENSDARG00000110212","mgst1.2","GO:0016020","membrane"
"ENSDARG00000110212","mgst1.2","GO:0005739","mitochondrion"
"ENSDARG00000110212","mgst1.2","GO:0005783","endoplasmic reticulum"
"ENSDARG00000110212","mgst1.2","GO:0005789","endoplasmic reticulum membrane"
"ENSDARG00000110212","mgst1.2","GO:0004364","glutathione transferase activity"
"ENSDARG00000110212","mgst1.2","GO:0005741","mitochondrial outer membrane"
"ENSDARG00000116184","","GO:0016020","membrane"
"ENSDARG00000116184","","GO:0055085","transmembrane transport"
"ENSDARG00000116184","","GO:0005509","calcium ion binding"
"ENSDARG00000116184","","GO:0005739","mitochondrion"
"ENSDARG00000116184","","GO:0005743","mitochondrial inner membrane"
"ENSDARG00000115227","","GO:0050684","regulation of mRNA processing"
"ENSDARG00000115227","","GO:0005739","mitochondrion"
"ENSDARG00000114840","sdhaf2","GO:0018293","protein-FAD linkage"
"ENSDARG00000114840","sdhaf2","GO:0005739","mitochondrion"
"ENSDARG00000115767","mrpl45","GO:0005739","mitochondrion"
"ENSDARG00000115767","mrpl45","GO:0005840","ribosome"
"ENSDARG00000115767","mrpl45","GO:1990904","ribonucleoprotein complex"
"ENSDARG00000116214","zgc:110319","GO:0005739","mitochondrion"
"ENSDARG00000116214","zgc:110319","GO:0051536","iron-sulfur cluster binding"
"ENSDARG00000116214","zgc:110319","GO:0005506","iron ion binding"
"ENSDARG00000116214","zgc:110319","GO:0016226","iron-sulfur cluster assembly"
"ENSDARG00000116214","zgc:110319","GO:0051539","4 iron, 4 sulfur cluster binding"
"ENSDARG00000116214","zgc:110319","GO:0106035","protein maturation by [4Fe-4S] cluster transfer"
"ENSDARG00000111888","ndufa1","GO:0045271","respiratory chain complex I"
"ENSDARG00000111888","ndufa1","GO:0005739","mitochondrion"
"ENSDARG00000111888","ndufa1","GO:0005743","mitochondrial inner membrane"
"ENSDARG00000111888","ndufa1","GO:0003674","molecular_function"
"ENSDARG00000116372","uqcrq","GO:0045275","respiratory chain complex III"
"ENSDARG00000116372","uqcrq","GO:0005739","mitochondrion"
"ENSDARG00000116372","uqcrq","GO:0005743","mitochondrial inner membrane"
"ENSDARG00000116372","uqcrq","GO:0006122","mitochondrial electron transport, ubiquinol to cytochrome c"
"ENSDARG00000113316","","GO:0016020","membrane"
"ENSDARG00000113316","","GO:0016301","kinase activity"
"ENSDARG00000113316","","GO:0005739","mitochondrion"
"ENSDARG00000113316","","GO:0006744","ubiquinone biosynthetic process"
"ENSDARG00000112469","atp5if1b","GO:0032780","negative regulation of ATP-dependent activity"
"ENSDARG00000112469","atp5if1b","GO:0042030","ATPase inhibitor activity"
"ENSDARG00000112469","atp5if1b","GO:0005739","mitochondrion"
"ENSDARG00000114095","zgc:112052","GO:0016020","membrane"
"ENSDARG00000114095","zgc:112052","GO:0005737","cytoplasm"
"ENSDARG00000114095","zgc:112052","GO:0008150","biological_process"
"ENSDARG00000114095","zgc:112052","GO:0005739","mitochondrion"
"ENSDARG00000114095","zgc:112052","GO:0031966","mitochondrial membrane"
"ENSDARG00000114095","zgc:112052","GO:0048741","skeletal muscle fiber development"
"ENSDARG00000114095","zgc:112052","GO:0003674","molecular_function"
"ENSDARG00000114095","zgc:112052","GO:0005783","endoplasmic reticulum"
"ENSDARG00000114095","zgc:112052","GO:0005829","cytosol"
"ENSDARG00000114095","zgc:112052","GO:0048666","neuron development"
"ENSDARG00000113895","","GO:1905079","regulation of cerebellar neuron development"
"ENSDARG00000113895","","GO:0003677","DNA binding"
"ENSDARG00000113895","","GO:0031017","exocrine pancreas development"
"ENSDARG00000113895","","GO:0003899","DNA-directed 5'-3' RNA polymerase activity"
"ENSDARG00000113895","","GO:0032549","ribonucleoside binding"
"ENSDARG00000113895","","GO:0006351","DNA-templated transcription"
"ENSDARG00000113895","","GO:0008270","zinc ion binding"
"ENSDARG00000113895","","GO:0016779","nucleotidyltransferase activity"
"ENSDARG00000113895","","GO:0006360","transcription by RNA polymerase I"
"ENSDARG00000113895","","GO:0005666","RNA polymerase III complex"
"ENSDARG00000113895","","GO:0048565","digestive tract development"
"ENSDARG00000113895","","GO:0006383","transcription by RNA polymerase III"
"ENSDARG00000113895","","GO:0005739","mitochondrion"
"ENSDARG00000113895","","GO:0009304","tRNA transcription"
"ENSDARG00000113895","","GO:0000428","DNA-directed RNA polymerase complex"
"ENSDARG00000113895","","GO:0006366","transcription by RNA polymerase II"
"ENSDARG00000113895","","GO:0001054","RNA polymerase I activity"
"ENSDARG00000113895","","GO:0001059","transcription by RNA polymerase IV"
"ENSDARG00000113895","","GO:0001060","transcription by RNA polymerase V"
"ENSDARG00000113895","","GO:0006390","mitochondrial transcription"
"ENSDARG00000113895","","GO:0042793","plastid transcription"
"ENSDARG00000110786","ndufb4","GO:0005739","mitochondrion"
"ENSDARG00000110128","","GO:0004609","phosphatidylserine decarboxylase activity"
"ENSDARG00000110128","","GO:0005739","mitochondrion"
"ENSDARG00000110128","","GO:0008654","phospholipid biosynthetic process"
"ENSDARG00000114416","mrpl45","GO:0005739","mitochondrion"
"ENSDARG00000114416","mrpl45","GO:0005840","ribosome"
"ENSDARG00000114416","mrpl45","GO:1990904","ribonucleoprotein complex"
"ENSDARG00000113951","ndufb4","GO:0005739","mitochondrion"
"ENSDARG00000093448","MPC1","GO:0006850","mitochondrial pyruvate transmembrane transport"
"ENSDARG00000093448","MPC1","GO:0005743","mitochondrial inner membrane"
"ENSDARG00000037679","MPC2","GO:0006850","mitochondrial pyruvate transmembrane transport"
"ENSDARG00000037679","MPC2","GO:0005743","mitochondrial inner membrane"
"ENSDARG00000101619","micos10","GO:0061617","MICOS complex"
"ENSDARG00000101619","micos10","GO:0005743","mitochondrial inner membrane"
"ENSDARG00000045490","NDUFB2","GO:0045271","respiratory chain complex I"
"ENSDARG00000045490","NDUFB2","GO:0005743","mitochondrial inner membrane"
"ENSDARG00000074533","SLC25A38","GO:1904983","glycine import into mitochondrion"
"ENSDARG00000074533","SLC25A38","GO:0015187","glycine transmembrane transporter activity"
"ENSDARG00000074533","SLC25A38","GO:0005743","mitochondrial inner membrane"
"ENSDARG00000074533","SLC25A38","GO:0055085","transmembrane transport"
"ENSDARG00000099368","SLC25A42","GO:0005743","mitochondrial inner membrane"
"ENSDARG00000099368","SLC25A42","GO:0055085","transmembrane transport"
"ENSDARG00000030641","letmd1","GO:0043022","ribosome binding"
"ENSDARG00000030641","letmd1","GO:0005743","mitochondrial inner membrane"
"ENSDARG00000005853","SLC25A6","GO:1990544","mitochondrial ATP transmembrane transport"
"ENSDARG00000005853","SLC25A6","GO:0140021","mitochondrial ADP transmembrane transport"
"ENSDARG00000005853","SLC25A6","GO:0005471","ATP:ADP antiporter activity"
"ENSDARG00000005853","SLC25A6","GO:0005743","mitochondrial inner membrane"
"ENSDARG00000005853","SLC25A6","GO:0055085","transmembrane transport"
"ENSDARG00000008568","slc25a24","GO:0005743","mitochondrial inner membrane"
"ENSDARG00000008568","slc25a24","GO:0005509","calcium ion binding"
"ENSDARG00000008568","slc25a24","GO:0055085","transmembrane transport"
"ENSDARG00000041400","NDUFA3","GO:0045271","respiratory chain complex I"
"ENSDARG00000041400","NDUFA3","GO:0005743","mitochondrial inner membrane"
"ENSDARG00000022438","cox6a1","GO:0005743","mitochondrial inner membrane"
"ENSDARG00000010572","SLC25A25","GO:0005743","mitochondrial inner membrane"
"ENSDARG00000010572","SLC25A25","GO:0005509","calcium ion binding"
"ENSDARG00000010572","SLC25A25","GO:0055085","transmembrane transport"
"ENSDARG00000088383","cox5aa","GO:0045277","respiratory chain complex IV"
"ENSDARG00000088383","cox5aa","GO:0005743","mitochondrial inner membrane"
"ENSDARG00000088383","cox5aa","GO:0006123","mitochondrial electron transport, cytochrome c to oxygen"
"ENSDARG00000045555","SCO2","GO:0008535","respiratory chain complex IV assembly"
"ENSDARG00000045555","SCO2","GO:0006878","intracellular copper ion homeostasis"
"ENSDARG00000045555","SCO2","GO:0016531","copper chaperone activity"
"ENSDARG00000045555","SCO2","GO:0005743","mitochondrial inner membrane"
"ENSDARG00000045555","SCO2","GO:0005507","copper ion binding"
"ENSDARG00000102115","ndufc2","GO:0006120","mitochondrial electron transport, NADH to ubiquinone"
"ENSDARG00000102115","ndufc2","GO:0005743","mitochondrial inner membrane"
"ENSDARG00000077515","LETM2","GO:0043022","ribosome binding"
"ENSDARG00000077515","LETM2","GO:0005743","mitochondrial inner membrane"
"ENSDARG00000058865","ENDOG","GO:0046872","metal ion binding"
"ENSDARG00000058865","ENDOG","GO:0003676","nucleic acid binding"
"ENSDARG00000058865","ENDOG","GO:0005634","nucleus"
"ENSDARG00000058865","ENDOG","GO:0016787","hydrolase activity"
"ENSDARG00000058865","ENDOG","GO:0004519","endonuclease activity"
"ENSDARG00000058865","ENDOG","GO:0005743","mitochondrial inner membrane"
"ENSDARG00000058865","ENDOG","GO:0000014","single-stranded DNA endodeoxyribonuclease activity"
"ENSDARG00000058865","ENDOG","GO:0004521","RNA endonuclease activity"
"ENSDARG00000058865","ENDOG","GO:0006309","apoptotic DNA fragmentation"
"ENSDARG00000036684","ndufa7","GO:0005743","mitochondrial inner membrane"
"ENSDARG00000036684","ndufa7","GO:0042773","ATP synthesis coupled electron transport"
"ENSDARG00000054588","COX6A1","GO:0005743","mitochondrial inner membrane"
"ENSDARG00000070866","TMEM11","GO:0007005","mitochondrion organization"
"ENSDARG00000070866","TMEM11","GO:0005743","mitochondrial inner membrane"
"ENSDARG00000056160","HSPD1","GO:0005524","ATP binding"
"ENSDARG00000056160","HSPD1","GO:0051087","protein-folding chaperone binding"
"ENSDARG00000056160","HSPD1","GO:0006457","protein folding"
"ENSDARG00000056160","HSPD1","GO:0005759","mitochondrial matrix"
"ENSDARG00000056160","HSPD1","GO:0032755","positive regulation of interleukin-6 production"
"ENSDARG00000056160","HSPD1","GO:0031101","fin regeneration"
"ENSDARG00000056160","HSPD1","GO:0042110","T cell activation"
"ENSDARG00000056160","HSPD1","GO:0005743","mitochondrial inner membrane"
"ENSDARG00000056160","HSPD1","GO:0032729","positive regulation of type II interferon production"
"ENSDARG00000056160","HSPD1","GO:0042246","tissue regeneration"
"ENSDARG00000056160","HSPD1","GO:0008637","apoptotic mitochondrial changes"
"ENSDARG00000056160","HSPD1","GO:0050870","positive regulation of T cell activation"
"ENSDARG00000056160","HSPD1","GO:0010506","regulation of autophagy"
"ENSDARG00000056160","HSPD1","GO:0045041","protein import into mitochondrial intermembrane space"
"ENSDARG00000056160","HSPD1","GO:0042026","protein refolding"
"ENSDARG00000056160","HSPD1","GO:0032727","positive regulation of interferon-alpha production"
"ENSDARG00000056160","HSPD1","GO:0034514","mitochondrial unfolded protein response"
"ENSDARG00000056160","HSPD1","GO:0140662","ATP-dependent protein folding chaperone"
"ENSDARG00000056160","HSPD1","GO:0010821","regulation of mitochondrion organization"
"ENSDARG00000056160","HSPD1","GO:0060297","regulation of sarcomere organization"
"ENSDARG00000056160","HSPD1","GO:1903779","regulation of cardiac conduction"
"ENSDARG00000104733","COQ4","GO:0006744","ubiquinone biosynthetic process"
"ENSDARG00000104733","COQ4","GO:0005743","mitochondrial inner membrane"
"ENSDARG00000092553","SLC25A5","GO:1990544","mitochondrial ATP transmembrane transport"
"ENSDARG00000092553","SLC25A5","GO:0140021","mitochondrial ADP transmembrane transport"
"ENSDARG00000092553","SLC25A5","GO:0005471","ATP:ADP antiporter activity"
"ENSDARG00000092553","SLC25A5","GO:0005743","mitochondrial inner membrane"
"ENSDARG00000092553","SLC25A5","GO:0055085","transmembrane transport"
"ENSDARG00000024478","MPC2","GO:0006850","mitochondrial pyruvate transmembrane transport"
"ENSDARG00000024478","MPC2","GO:0005743","mitochondrial inner membrane"
"ENSDARG00000056978","LETM1","GO:0043022","ribosome binding"
"ENSDARG00000056978","LETM1","GO:0005743","mitochondrial inner membrane"
"ENSDARG00000056978","LETM1","GO:0005509","calcium ion binding"
"ENSDARG00000042521","si:dkey-251i10.1","GO:1990544","mitochondrial ATP transmembrane transport"
"ENSDARG00000042521","si:dkey-251i10.1","GO:0140021","mitochondrial ADP transmembrane transport"
"ENSDARG00000042521","si:dkey-251i10.1","GO:0005471","ATP:ADP antiporter activity"
"ENSDARG00000042521","si:dkey-251i10.1","GO:0005743","mitochondrial inner membrane"
"ENSDARG00000042521","si:dkey-251i10.1","GO:0055085","transmembrane transport"
"ENSDARG00000095897","atp5f1e","GO:0005743","mitochondrial inner membrane"
"ENSDARG00000095897","atp5f1e","GO:0045261","proton-transporting ATP synthase complex, catalytic core F(1)"
"ENSDARG00000095897","atp5f1e","GO:0015986","proton motive force-driven ATP synthesis"
"ENSDARG00000095897","atp5f1e","GO:0046933","proton-transporting ATP synthase activity, rotational mechanism"
"ENSDARG00000099997","cox20","GO:0033617","mitochondrial cytochrome c oxidase assembly"
"ENSDARG00000099997","cox20","GO:0005743","mitochondrial inner membrane"
"ENSDARG00000109392","","GO:0045271","respiratory chain complex I"
"ENSDARG00000109392","","GO:0006120","mitochondrial electron transport, NADH to ubiquinone"
"ENSDARG00000109392","","GO:0005743","mitochondrial inner membrane"
"ENSDARG00000059805","SLC25A38","GO:1904983","glycine import into mitochondrion"
"ENSDARG00000059805","SLC25A38","GO:0015187","glycine transmembrane transporter activity"
"ENSDARG00000059805","SLC25A38","GO:0005743","mitochondrial inner membrane"
"ENSDARG00000059805","SLC25A38","GO:0055085","transmembrane transport"
"ENSDARG00000090861","","GO:1990544","mitochondrial ATP transmembrane transport"
"ENSDARG00000090861","","GO:0140021","mitochondrial ADP transmembrane transport"
"ENSDARG00000090861","","GO:0005471","ATP:ADP antiporter activity"
"ENSDARG00000090861","","GO:0005743","mitochondrial inner membrane"
"ENSDARG00000042777","ndufa11","GO:0045271","respiratory chain complex I"
"ENSDARG00000042777","ndufa11","GO:0006120","mitochondrial electron transport, NADH to ubiquinone"
"ENSDARG00000042777","ndufa11","GO:0005743","mitochondrial inner membrane"
"ENSDARG00000099663","COX5A","GO:0045277","respiratory chain complex IV"
"ENSDARG00000099663","COX5A","GO:0005743","mitochondrial inner membrane"
"ENSDARG00000099663","COX5A","GO:0006123","mitochondrial electron transport, cytochrome c to oxygen"
"ENSDARG00000114173","trap1","GO:0046872","metal ion binding"
"ENSDARG00000114173","trap1","GO:0005524","ATP binding"
"ENSDARG00000114173","trap1","GO:0016887","ATP hydrolysis activity"
"ENSDARG00000114173","trap1","GO:0019901","protein kinase binding"
"ENSDARG00000114173","trap1","GO:0051082","unfolded protein binding"
"ENSDARG00000114173","trap1","GO:0006457","protein folding"
"ENSDARG00000114173","trap1","GO:0042802","identical protein binding"
"ENSDARG00000114173","trap1","GO:0005509","calcium ion binding"
"ENSDARG00000114173","trap1","GO:0005743","mitochondrial inner membrane"
"ENSDARG00000114173","trap1","GO:0000287","magnesium ion binding"
"ENSDARG00000114173","trap1","GO:0140662","ATP-dependent protein folding chaperone"
"ENSDARG00000116120","cox6a2","GO:0005743","mitochondrial inner membrane"
"ENSDARG00000113366","slc25a6","GO:1990544","mitochondrial ATP transmembrane transport"
"ENSDARG00000113366","slc25a6","GO:0140021","mitochondrial ADP transmembrane transport"
"ENSDARG00000113366","slc25a6","GO:0005471","ATP:ADP antiporter activity"
"ENSDARG00000113366","slc25a6","GO:0005743","mitochondrial inner membrane"
"ENSDARG00000110586","","GO:0043022","ribosome binding"
"ENSDARG00000110586","","GO:0005743","mitochondrial inner membrane"
"ENSDARG00000110254","","GO:0043022","ribosome binding"
"ENSDARG00000110254","","GO:0005743","mitochondrial inner membrane"
"ENSDARG00000110254","","GO:0005509","calcium ion binding"
"ENSDARG00000038643","alas2","GO:0006778","porphyrin-containing compound metabolic process"
"ENSDARG00000038643","alas2","GO:0003870","5-aminolevulinate synthase activity"
"ENSDARG00000038643","alas2","GO:0005759","mitochondrial matrix"
"ENSDARG00000038643","alas2","GO:0016740","transferase activity"
"ENSDARG00000038643","alas2","GO:0009058","biosynthetic process"
"ENSDARG00000038643","alas2","GO:0033014","tetrapyrrole biosynthetic process"
"ENSDARG00000038643","alas2","GO:0030170","pyridoxal phosphate binding"
"ENSDARG00000021059","ALAS1","GO:0006778","porphyrin-containing compound metabolic process"
"ENSDARG00000021059","ALAS1","GO:0003870","5-aminolevulinate synthase activity"
"ENSDARG00000021059","ALAS1","GO:0005759","mitochondrial matrix"
"ENSDARG00000021059","ALAS1","GO:0016740","transferase activity"
"ENSDARG00000021059","ALAS1","GO:0009058","biosynthetic process"
"ENSDARG00000021059","ALAS1","GO:0033014","tetrapyrrole biosynthetic process"
"ENSDARG00000021059","ALAS1","GO:0030170","pyridoxal phosphate binding"
"ENSDARG00000023058","foxo3a","GO:0003677","DNA binding"
"ENSDARG00000023058","foxo3a","GO:0003700","DNA-binding transcription factor activity"
"ENSDARG00000023058","foxo3a","GO:0006355","regulation of DNA-templated transcription"
"ENSDARG00000023058","foxo3a","GO:0005634","nucleus"
"ENSDARG00000023058","foxo3a","GO:0005737","cytoplasm"
"ENSDARG00000023058","foxo3a","GO:0000978","RNA polymerase II cis-regulatory region sequence-specific DNA binding"
"ENSDARG00000023058","foxo3a","GO:0006357","regulation of transcription by RNA polymerase II"
"ENSDARG00000023058","foxo3a","GO:0000981","DNA-binding transcription factor activity, RNA polymerase II-specific"
"ENSDARG00000023058","foxo3a","GO:0043565","sequence-specific DNA binding"
"ENSDARG00000023058","foxo3a","GO:0005759","mitochondrial matrix"
"ENSDARG00000023058","foxo3a","GO:0043523","regulation of neuron apoptotic process"
"ENSDARG00000023058","foxo3a","GO:0051960","regulation of nervous system development"
"ENSDARG00000039887","C1QBP","GO:0005759","mitochondrial matrix"
"ENSDARG00000004880","ACSM3","GO:0005759","mitochondrial matrix"
"ENSDARG00000004880","ACSM3","GO:0016874","ligase activity"
"ENSDARG00000004880","ACSM3","GO:0006631","fatty acid metabolic process"
"ENSDARG00000004880","ACSM3","GO:0006637","acyl-CoA metabolic process"
"ENSDARG00000004880","ACSM3","GO:0004321","fatty-acyl-CoA synthase activity"
"ENSDARG00000004880","ACSM3","GO:0015645","fatty acid ligase activity"
"ENSDARG00000004880","ACSM3","GO:0006633","fatty acid biosynthetic process"
"ENSDARG00000004880","ACSM3","GO:0016405","CoA-ligase activity"
"ENSDARG00000004880","ACSM3","GO:0016878","acid-thiol ligase activity"
"ENSDARG00000113125","alas2","GO:0006778","porphyrin-containing compound metabolic process"
"ENSDARG00000113125","alas2","GO:0003870","5-aminolevulinate synthase activity"
"ENSDARG00000113125","alas2","GO:0005759","mitochondrial matrix"
"ENSDARG00000113125","alas2","GO:0016740","transferase activity"
"ENSDARG00000113125","alas2","GO:0009058","biosynthetic process"
"ENSDARG00000113125","alas2","GO:0033014","tetrapyrrole biosynthetic process"
"ENSDARG00000113125","alas2","GO:0030170","pyridoxal phosphate binding"
